year,Reported value,Temperature anomaly (K)
1850,ensemble median,-0.059
1851,ensemble median,0.096
1852,ensemble median,0.086
1853,ensemble median,0.045
1854,ensemble median,0.066
1855,ensemble median,0.042
1856,ensemble median,-0.044
1857,ensemble median,-0.147
1858,ensemble median,-0.153
1859,ensemble median,0.03
1860,ensemble median,-0.029
1861,ensemble median,-0.093
1862,ensemble median,-0.21
1863,ensemble median,0.036
1864,ensemble median,-0.18
1865,ensemble median,0.035
1866,ensemble median,0.063
1867,ensemble median,-0.007
1868,ensemble median,0.076
1869,ensemble median,0.052
1870,ensemble median,0.038
1871,ensemble median,-0.021
1872,ensemble median,0.087
1873,ensemble median,0.01
1874,ensemble median,-0.054
1875,ensemble median,-0.081
1876,ensemble median,-0.07
1877,ensemble median,0.239
1878,ensemble median,0.349
1879,ensemble median,0.084
1880,ensemble median,0.087
1881,ensemble median,0.114
1882,ensemble median,0.101
1883,ensemble median,0.018
1884,ensemble median,-0.095
1885,ensemble median,-0.075
1886,ensemble median,-0.053
1887,ensemble median,-0.104
1888,ensemble median,0.007
1889,ensemble median,0.143
1890,ensemble median,-0.102
1891,ensemble median,-0.016
1892,ensemble median,-0.141
1893,ensemble median,-0.159
1894,ensemble median,-0.096
1895,ensemble median,-0.076
1896,ensemble median,0.128
1897,ensemble median,0.108
1898,ensemble median,-0.098
1899,ensemble median,0.025
1900,ensemble median,0.111
1901,ensemble median,0.055
1902,ensemble median,-0.088
1903,ensemble median,-0.165
1904,ensemble median,-0.206
1905,ensemble median,-0.063
1906,ensemble median,0.031
1907,ensemble median,-0.151
1908,ensemble median,-0.197
1909,ensemble median,-0.208
1910,ensemble median,-0.176
1911,ensemble median,-0.23
1912,ensemble median,-0.123
1913,ensemble median,-0.11
1914,ensemble median,0.07
1915,ensemble median,0.173
1916,ensemble median,-0.069
1917,ensemble median,-0.154
1918,ensemble median,-0.019
1919,ensemble median,0.039
1920,ensemble median,0.067
1921,ensemble median,0.127
1922,ensemble median,0.012
1923,ensemble median,0.038
1924,ensemble median,0.02
1925,ensemble median,0.099
1926,ensemble median,0.206
1927,ensemble median,0.104
1928,ensemble median,0.108
1929,ensemble median,-0.036
1930,ensemble median,0.177
1931,ensemble median,0.227
1932,ensemble median,0.177
1933,ensemble median,0.041
1934,ensemble median,0.183
1935,ensemble median,0.136
1936,ensemble median,0.167
1937,ensemble median,0.288
1938,ensemble median,0.308
1939,ensemble median,0.262
1940,ensemble median,0.328
1941,ensemble median,0.334
1942,ensemble median,0.287
1943,ensemble median,0.31
1944,ensemble median,0.458
1945,ensemble median,0.339
1946,ensemble median,0.243
1947,ensemble median,0.276
1948,ensemble median,0.275
1949,ensemble median,0.24
1950,ensemble median,0.141
1951,ensemble median,0.262
1952,ensemble median,0.342
1953,ensemble median,0.411
1954,ensemble median,0.185
1955,ensemble median,0.124
1956,ensemble median,0.047
1957,ensemble median,0.307
1958,ensemble median,0.36
1959,ensemble median,0.331
1960,ensemble median,0.265
1961,ensemble median,0.352
1962,ensemble median,0.328
1963,ensemble median,0.362
1964,ensemble median,0.091
1965,ensemble median,0.174
1966,ensemble median,0.246
1967,ensemble median,0.24
1968,ensemble median,0.201
1969,ensemble median,0.346
1970,ensemble median,0.287
1971,ensemble median,0.128
1972,ensemble median,0.249
1973,ensemble median,0.376
1974,ensemble median,0.1
1975,ensemble median,0.165
1976,ensemble median,0.073
1977,ensemble median,0.361
1978,ensemble median,0.252
1979,ensemble median,0.371
1980,ensemble median,0.406
1981,ensemble median,0.454
1982,ensemble median,0.325
1983,ensemble median,0.508
1984,ensemble median,0.3
1985,ensemble median,0.284
1986,ensemble median,0.359
1987,ensemble median,0.506
1988,ensemble median,0.512
1989,ensemble median,0.432
1990,ensemble median,0.61
1991,ensemble median,0.568
1992,ensemble median,0.419
1993,ensemble median,0.462
1994,ensemble median,0.522
1995,ensemble median,0.639
1996,ensemble median,0.497
1997,ensemble median,0.704
1998,ensemble median,0.853
1999,ensemble median,0.62
2000,ensemble median,0.608
2001,ensemble median,0.755
2002,ensemble median,0.81
2003,ensemble median,0.819
2004,ensemble median,0.761
2005,ensemble median,0.859
2006,ensemble median,0.82
2007,ensemble median,0.805
2008,ensemble median,0.709
2009,ensemble median,0.82
2010,ensemble median,0.874
2011,ensemble median,0.739
2012,ensemble median,0.784
2013,ensemble median,0.828
2014,ensemble median,0.893
2015,ensemble median,1.077
2016,ensemble median,1.111
2017,ensemble median,0.991
2018,ensemble median,0.911
2019,ensemble median,1.05
2020,ensemble median,1.108
1850,"low. bound, 95% CI bias unc.",-0.425
1851,"low. bound, 95% CI bias unc.",-0.274
1852,"low. bound, 95% CI bias unc.",-0.28
1853,"low. bound, 95% CI bias unc.",-0.321
1854,"low. bound, 95% CI bias unc.",-0.301
1855,"low. bound, 95% CI bias unc.",-0.324
1856,"low. bound, 95% CI bias unc.",-0.413
1857,"low. bound, 95% CI bias unc.",-0.512
1858,"low. bound, 95% CI bias unc.",-0.521
1859,"low. bound, 95% CI bias unc.",-0.34
1860,"low. bound, 95% CI bias unc.",-0.405
1861,"low. bound, 95% CI bias unc.",-0.484
1862,"low. bound, 95% CI bias unc.",-0.597
1863,"low. bound, 95% CI bias unc.",-0.359
1864,"low. bound, 95% CI bias unc.",-0.564
1865,"low. bound, 95% CI bias unc.",-0.358
1866,"low. bound, 95% CI bias unc.",-0.338
1867,"low. bound, 95% CI bias unc.",-0.406
1868,"low. bound, 95% CI bias unc.",-0.326
1869,"low. bound, 95% CI bias unc.",-0.333
1870,"low. bound, 95% CI bias unc.",-0.34
1871,"low. bound, 95% CI bias unc.",-0.404
1872,"low. bound, 95% CI bias unc.",-0.29
1873,"low. bound, 95% CI bias unc.",-0.364
1874,"low. bound, 95% CI bias unc.",-0.435
1875,"low. bound, 95% CI bias unc.",-0.464
1876,"low. bound, 95% CI bias unc.",-0.453
1877,"low. bound, 95% CI bias unc.",-0.146
1878,"low. bound, 95% CI bias unc.",-0.026
1879,"low. bound, 95% CI bias unc.",-0.291
1880,"low. bound, 95% CI bias unc.",-0.288
1881,"low. bound, 95% CI bias unc.",-0.259
1882,"low. bound, 95% CI bias unc.",-0.274
1883,"low. bound, 95% CI bias unc.",-0.35
1884,"low. bound, 95% CI bias unc.",-0.457
1885,"low. bound, 95% CI bias unc.",-0.444
1886,"low. bound, 95% CI bias unc.",-0.419
1887,"low. bound, 95% CI bias unc.",-0.476
1888,"low. bound, 95% CI bias unc.",-0.359
1889,"low. bound, 95% CI bias unc.",-0.235
1890,"low. bound, 95% CI bias unc.",-0.484
1891,"low. bound, 95% CI bias unc.",-0.408
1892,"low. bound, 95% CI bias unc.",-0.526
1893,"low. bound, 95% CI bias unc.",-0.547
1894,"low. bound, 95% CI bias unc.",-0.487
1895,"low. bound, 95% CI bias unc.",-0.46
1896,"low. bound, 95% CI bias unc.",-0.255
1897,"low. bound, 95% CI bias unc.",-0.273
1898,"low. bound, 95% CI bias unc.",-0.479
1899,"low. bound, 95% CI bias unc.",-0.355
1900,"low. bound, 95% CI bias unc.",-0.272
1901,"low. bound, 95% CI bias unc.",-0.326
1902,"low. bound, 95% CI bias unc.",-0.461
1903,"low. bound, 95% CI bias unc.",-0.543
1904,"low. bound, 95% CI bias unc.",-0.58
1905,"low. bound, 95% CI bias unc.",-0.438
1906,"low. bound, 95% CI bias unc.",-0.338
1907,"low. bound, 95% CI bias unc.",-0.523
1908,"low. bound, 95% CI bias unc.",-0.563
1909,"low. bound, 95% CI bias unc.",-0.576
1910,"low. bound, 95% CI bias unc.",-0.547
1911,"low. bound, 95% CI bias unc.",-0.595
1912,"low. bound, 95% CI bias unc.",-0.486
1913,"low. bound, 95% CI bias unc.",-0.471
1914,"low. bound, 95% CI bias unc.",-0.291
1915,"low. bound, 95% CI bias unc.",-0.202
1916,"low. bound, 95% CI bias unc.",-0.437
1917,"low. bound, 95% CI bias unc.",-0.525
1918,"low. bound, 95% CI bias unc.",-0.396
1919,"low. bound, 95% CI bias unc.",-0.327
1920,"low. bound, 95% CI bias unc.",-0.296
1921,"low. bound, 95% CI bias unc.",-0.237
1922,"low. bound, 95% CI bias unc.",-0.346
1923,"low. bound, 95% CI bias unc.",-0.323
1924,"low. bound, 95% CI bias unc.",-0.34
1925,"low. bound, 95% CI bias unc.",-0.265
1926,"low. bound, 95% CI bias unc.",-0.155
1927,"low. bound, 95% CI bias unc.",-0.253
1928,"low. bound, 95% CI bias unc.",-0.253
1929,"low. bound, 95% CI bias unc.",-0.394
1930,"low. bound, 95% CI bias unc.",-0.181
1931,"low. bound, 95% CI bias unc.",-0.133
1932,"low. bound, 95% CI bias unc.",-0.183
1933,"low. bound, 95% CI bias unc.",-0.32
1934,"low. bound, 95% CI bias unc.",-0.177
1935,"low. bound, 95% CI bias unc.",-0.221
1936,"low. bound, 95% CI bias unc.",-0.186
1937,"low. bound, 95% CI bias unc.",-0.064
1938,"low. bound, 95% CI bias unc.",-0.044
1939,"low. bound, 95% CI bias unc.",-0.088
1940,"low. bound, 95% CI bias unc.",-0.018
1941,"low. bound, 95% CI bias unc.",-0.021
1942,"low. bound, 95% CI bias unc.",-0.081
1943,"low. bound, 95% CI bias unc.",-0.056
1944,"low. bound, 95% CI bias unc.",0.094
1945,"low. bound, 95% CI bias unc.",-0.017
1946,"low. bound, 95% CI bias unc.",-0.113
1947,"low. bound, 95% CI bias unc.",-0.098
1948,"low. bound, 95% CI bias unc.",-0.101
1949,"low. bound, 95% CI bias unc.",-0.119
1950,"low. bound, 95% CI bias unc.",-0.216
1951,"low. bound, 95% CI bias unc.",-0.091
1952,"low. bound, 95% CI bias unc.",-0.01
1953,"low. bound, 95% CI bias unc.",0.06
1954,"low. bound, 95% CI bias unc.",-0.166
1955,"low. bound, 95% CI bias unc.",-0.222
1956,"low. bound, 95% CI bias unc.",-0.297
1957,"low. bound, 95% CI bias unc.",-0.035
1958,"low. bound, 95% CI bias unc.",0.02
1959,"low. bound, 95% CI bias unc.",-0.008
1960,"low. bound, 95% CI bias unc.",-0.073
1961,"low. bound, 95% CI bias unc.",0.009
1962,"low. bound, 95% CI bias unc.",-0.012
1963,"low. bound, 95% CI bias unc.",0.022
1964,"low. bound, 95% CI bias unc.",-0.246
1965,"low. bound, 95% CI bias unc.",-0.163
1966,"low. bound, 95% CI bias unc.",-0.09
1967,"low. bound, 95% CI bias unc.",-0.093
1968,"low. bound, 95% CI bias unc.",-0.133
1969,"low. bound, 95% CI bias unc.",0.014
1970,"low. bound, 95% CI bias unc.",-0.048
1971,"low. bound, 95% CI bias unc.",-0.204
1972,"low. bound, 95% CI bias unc.",-0.08
1973,"low. bound, 95% CI bias unc.",0.051
1974,"low. bound, 95% CI bias unc.",-0.227
1975,"low. bound, 95% CI bias unc.",-0.163
1976,"low. bound, 95% CI bias unc.",-0.255
1977,"low. bound, 95% CI bias unc.",0.034
1978,"low. bound, 95% CI bias unc.",-0.077
1979,"low. bound, 95% CI bias unc.",0.041
1980,"low. bound, 95% CI bias unc.",0.077
1981,"low. bound, 95% CI bias unc.",0.125
1982,"low. bound, 95% CI bias unc.",-0.011
1983,"low. bound, 95% CI bias unc.",0.174
1984,"low. bound, 95% CI bias unc.",-0.033
1985,"low. bound, 95% CI bias unc.",-0.048
1986,"low. bound, 95% CI bias unc.",0.024
1987,"low. bound, 95% CI bias unc.",0.171
1988,"low. bound, 95% CI bias unc.",0.175
1989,"low. bound, 95% CI bias unc.",0.091
1990,"low. bound, 95% CI bias unc.",0.267
1991,"low. bound, 95% CI bias unc.",0.22
1992,"low. bound, 95% CI bias unc.",0.071
1993,"low. bound, 95% CI bias unc.",0.112
1994,"low. bound, 95% CI bias unc.",0.174
1995,"low. bound, 95% CI bias unc.",0.289
1996,"low. bound, 95% CI bias unc.",0.146
1997,"low. bound, 95% CI bias unc.",0.356
1998,"low. bound, 95% CI bias unc.",0.5
1999,"low. bound, 95% CI bias unc.",0.265
2000,"low. bound, 95% CI bias unc.",0.259
2001,"low. bound, 95% CI bias unc.",0.406
2002,"low. bound, 95% CI bias unc.",0.463
2003,"low. bound, 95% CI bias unc.",0.473
2004,"low. bound, 95% CI bias unc.",0.413
2005,"low. bound, 95% CI bias unc.",0.507
2006,"low. bound, 95% CI bias unc.",0.468
2007,"low. bound, 95% CI bias unc.",0.457
2008,"low. bound, 95% CI bias unc.",0.355
2009,"low. bound, 95% CI bias unc.",0.465
2010,"low. bound, 95% CI bias unc.",0.523
2011,"low. bound, 95% CI bias unc.",0.393
2012,"low. bound, 95% CI bias unc.",0.437
2013,"low. bound, 95% CI bias unc.",0.478
2014,"low. bound, 95% CI bias unc.",0.545
2015,"low. bound, 95% CI bias unc.",0.73
2016,"low. bound, 95% CI bias unc.",0.762
2017,"low. bound, 95% CI bias unc.",0.636
2018,"low. bound, 95% CI bias unc.",0.56
2019,"low. bound, 95% CI bias unc.",0.7
2020,"low. bound, 95% CI bias unc.",0.76
1850,"upp. bound, 95% CI bias unc.",-0.339
1851,"upp. bound, 95% CI bias unc.",-0.184
1852,"upp. bound, 95% CI bias unc.",-0.196
1853,"upp. bound, 95% CI bias unc.",-0.239
1854,"upp. bound, 95% CI bias unc.",-0.218
1855,"upp. bound, 95% CI bias unc.",-0.241
1856,"upp. bound, 95% CI bias unc.",-0.327
1857,"upp. bound, 95% CI bias unc.",-0.431
1858,"upp. bound, 95% CI bias unc.",-0.435
1859,"upp. bound, 95% CI bias unc.",-0.249
1860,"upp. bound, 95% CI bias unc.",-0.31
1861,"upp. bound, 95% CI bias unc.",-0.356
1862,"upp. bound, 95% CI bias unc.",-0.471
1863,"upp. bound, 95% CI bias unc.",-0.226
1864,"upp. bound, 95% CI bias unc.",-0.448
1865,"upp. bound, 95% CI bias unc.",-0.232
1866,"upp. bound, 95% CI bias unc.",-0.197
1867,"upp. bound, 95% CI bias unc.",-0.265
1868,"upp. bound, 95% CI bias unc.",-0.185
1869,"upp. bound, 95% CI bias unc.",-0.221
1870,"upp. bound, 95% CI bias unc.",-0.239
1871,"upp. bound, 95% CI bias unc.",-0.293
1872,"upp. bound, 95% CI bias unc.",-0.187
1873,"upp. bound, 95% CI bias unc.",-0.258
1874,"upp. bound, 95% CI bias unc.",-0.325
1875,"upp. bound, 95% CI bias unc.",-0.352
1876,"upp. bound, 95% CI bias unc.",-0.335
1877,"upp. bound, 95% CI bias unc.",-0.026
1878,"upp. bound, 95% CI bias unc.",0.084
1879,"upp. bound, 95% CI bias unc.",-0.189
1880,"upp. bound, 95% CI bias unc.",-0.182
1881,"upp. bound, 95% CI bias unc.",-0.157
1882,"upp. bound, 95% CI bias unc.",-0.171
1883,"upp. bound, 95% CI bias unc.",-0.251
1884,"upp. bound, 95% CI bias unc.",-0.373
1885,"upp. bound, 95% CI bias unc.",-0.354
1886,"upp. bound, 95% CI bias unc.",-0.334
1887,"upp. bound, 95% CI bias unc.",-0.382
1888,"upp. bound, 95% CI bias unc.",-0.268
1889,"upp. bound, 95% CI bias unc.",-0.129
1890,"upp. bound, 95% CI bias unc.",-0.369
1891,"upp. bound, 95% CI bias unc.",-0.276
1892,"upp. bound, 95% CI bias unc.",-0.4
1893,"upp. bound, 95% CI bias unc.",-0.416
1894,"upp. bound, 95% CI bias unc.",-0.352
1895,"upp. bound, 95% CI bias unc.",-0.335
1896,"upp. bound, 95% CI bias unc.",-0.136
1897,"upp. bound, 95% CI bias unc.",-0.153
1898,"upp. bound, 95% CI bias unc.",-0.362
1899,"upp. bound, 95% CI bias unc.",-0.231
1900,"upp. bound, 95% CI bias unc.",-0.147
1901,"upp. bound, 95% CI bias unc.",-0.208
1902,"upp. bound, 95% CI bias unc.",-0.355
1903,"upp. bound, 95% CI bias unc.",-0.431
1904,"upp. bound, 95% CI bias unc.",-0.471
1905,"upp. bound, 95% CI bias unc.",-0.326
1906,"upp. bound, 95% CI bias unc.",-0.232
1907,"upp. bound, 95% CI bias unc.",-0.423
1908,"upp. bound, 95% CI bias unc.",-0.468
1909,"upp. bound, 95% CI bias unc.",-0.476
1910,"upp. bound, 95% CI bias unc.",-0.448
1911,"upp. bound, 95% CI bias unc.",-0.498
1912,"upp. bound, 95% CI bias unc.",-0.392
1913,"upp. bound, 95% CI bias unc.",-0.381
1914,"upp. bound, 95% CI bias unc.",-0.197
1915,"upp. bound, 95% CI bias unc.",-0.085
1916,"upp. bound, 95% CI bias unc.",-0.328
1917,"upp. bound, 95% CI bias unc.",-0.413
1918,"upp. bound, 95% CI bias unc.",-0.27
1919,"upp. bound, 95% CI bias unc.",-0.217
1920,"upp. bound, 95% CI bias unc.",-0.198
1921,"upp. bound, 95% CI bias unc.",-0.149
1922,"upp. bound, 95% CI bias unc.",-0.262
1923,"upp. bound, 95% CI bias unc.",-0.237
1924,"upp. bound, 95% CI bias unc.",-0.259
1925,"upp. bound, 95% CI bias unc.",-0.178
1926,"upp. bound, 95% CI bias unc.",-0.07
1927,"upp. bound, 95% CI bias unc.",-0.177
1928,"upp. bound, 95% CI bias unc.",-0.174
1929,"upp. bound, 95% CI bias unc.",-0.32
1930,"upp. bound, 95% CI bias unc.",-0.104
1931,"upp. bound, 95% CI bias unc.",-0.055
1932,"upp. bound, 95% CI bias unc.",-0.107
1933,"upp. bound, 95% CI bias unc.",-0.24
1934,"upp. bound, 95% CI bias unc.",-0.1
1935,"upp. bound, 95% CI bias unc.",-0.15
1936,"upp. bound, 95% CI bias unc.",-0.12
1937,"upp. bound, 95% CI bias unc.",0.001
1938,"upp. bound, 95% CI bias unc.",0.017
1939,"upp. bound, 95% CI bias unc.",-0.029
1940,"upp. bound, 95% CI bias unc.",0.045
1941,"upp. bound, 95% CI bias unc.",0.053
1942,"upp. bound, 95% CI bias unc.",0.015
1943,"upp. bound, 95% CI bias unc.",0.036
1944,"upp. bound, 95% CI bias unc.",0.18
1945,"upp. bound, 95% CI bias unc.",0.059
1946,"upp. bound, 95% CI bias unc.",-0.042
1947,"upp. bound, 95% CI bias unc.",0.001
1948,"upp. bound, 95% CI bias unc.",0.0
1949,"upp. bound, 95% CI bias unc.",-0.036
1950,"upp. bound, 95% CI bias unc.",-0.135
1951,"upp. bound, 95% CI bias unc.",-0.018
1952,"upp. bound, 95% CI bias unc.",0.063
1953,"upp. bound, 95% CI bias unc.",0.132
1954,"upp. bound, 95% CI bias unc.",-0.093
1955,"upp. bound, 95% CI bias unc.",-0.16
1956,"upp. bound, 95% CI bias unc.",-0.236
1957,"upp. bound, 95% CI bias unc.",0.024
1958,"upp. bound, 95% CI bias unc.",0.075
1959,"upp. bound, 95% CI bias unc.",0.043
1960,"upp. bound, 95% CI bias unc.",-0.023
1961,"upp. bound, 95% CI bias unc.",0.06
1962,"upp. bound, 95% CI bias unc.",0.034
1963,"upp. bound, 95% CI bias unc.",0.074
1964,"upp. bound, 95% CI bias unc.",-0.197
1965,"upp. bound, 95% CI bias unc.",-0.113
1966,"upp. bound, 95% CI bias unc.",-0.042
1967,"upp. bound, 95% CI bias unc.",-0.052
1968,"upp. bound, 95% CI bias unc.",-0.097
1969,"upp. bound, 95% CI bias unc.",0.05
1970,"upp. bound, 95% CI bias unc.",-0.009
1971,"upp. bound, 95% CI bias unc.",-0.163
1972,"upp. bound, 95% CI bias unc.",-0.04
1973,"upp. bound, 95% CI bias unc.",0.082
1974,"upp. bound, 95% CI bias unc.",-0.197
1975,"upp. bound, 95% CI bias unc.",-0.134
1976,"upp. bound, 95% CI bias unc.",-0.227
1977,"upp. bound, 95% CI bias unc.",0.064
1978,"upp. bound, 95% CI bias unc.",-0.044
1979,"upp. bound, 95% CI bias unc.",0.076
1980,"upp. bound, 95% CI bias unc.",0.107
1981,"upp. bound, 95% CI bias unc.",0.153
1982,"upp. bound, 95% CI bias unc.",0.03
1983,"upp. bound, 95% CI bias unc.",0.211
1984,"upp. bound, 95% CI bias unc.",0.006
1985,"upp. bound, 95% CI bias unc.",-0.013
1986,"upp. bound, 95% CI bias unc.",0.067
1987,"upp. bound, 95% CI bias unc.",0.22
1988,"upp. bound, 95% CI bias unc.",0.221
1989,"upp. bound, 95% CI bias unc.",0.147
1990,"upp. bound, 95% CI bias unc.",0.33
1991,"upp. bound, 95% CI bias unc.",0.289
1992,"upp. bound, 95% CI bias unc.",0.139
1993,"upp. bound, 95% CI bias unc.",0.186
1994,"upp. bound, 95% CI bias unc.",0.247
1995,"upp. bound, 95% CI bias unc.",0.361
1996,"upp. bound, 95% CI bias unc.",0.217
1997,"upp. bound, 95% CI bias unc.",0.425
1998,"upp. bound, 95% CI bias unc.",0.578
1999,"upp. bound, 95% CI bias unc.",0.343
2000,"upp. bound, 95% CI bias unc.",0.338
2001,"upp. bound, 95% CI bias unc.",0.483
2002,"upp. bound, 95% CI bias unc.",0.538
2003,"upp. bound, 95% CI bias unc.",0.546
2004,"upp. bound, 95% CI bias unc.",0.483
2005,"upp. bound, 95% CI bias unc.",0.583
2006,"upp. bound, 95% CI bias unc.",0.544
2007,"upp. bound, 95% CI bias unc.",0.531
2008,"upp. bound, 95% CI bias unc.",0.432
2009,"upp. bound, 95% CI bias unc.",0.546
2010,"upp. bound, 95% CI bias unc.",0.603
2011,"upp. bound, 95% CI bias unc.",0.466
2012,"upp. bound, 95% CI bias unc.",0.509
2013,"upp. bound, 95% CI bias unc.",0.552
2014,"upp. bound, 95% CI bias unc.",0.616
2015,"upp. bound, 95% CI bias unc.",0.802
2016,"upp. bound, 95% CI bias unc.",0.835
2017,"upp. bound, 95% CI bias unc.",0.716
2018,"upp. bound, 95% CI bias unc.",0.636
2019,"upp. bound, 95% CI bias unc.",0.776
2020,"upp. bound, 95% CI bias unc.",0.837
1850,"low. bound, 95% CI sampling unc.",-0.502
1851,"low. bound, 95% CI sampling unc.",-0.35
1852,"low. bound, 95% CI sampling unc.",-0.353
1853,"low. bound, 95% CI sampling unc.",-0.378
1854,"low. bound, 95% CI sampling unc.",-0.349
1855,"low. bound, 95% CI sampling unc.",-0.369
1856,"low. bound, 95% CI sampling unc.",-0.456
1857,"low. bound, 95% CI sampling unc.",-0.558
1858,"low. bound, 95% CI sampling unc.",-0.57
1859,"low. bound, 95% CI sampling unc.",-0.396
1860,"low. bound, 95% CI sampling unc.",-0.455
1861,"low. bound, 95% CI sampling unc.",-0.525
1862,"low. bound, 95% CI sampling unc.",-0.643
1863,"low. bound, 95% CI sampling unc.",-0.403
1864,"low. bound, 95% CI sampling unc.",-0.617
1865,"low. bound, 95% CI sampling unc.",-0.404
1866,"low. bound, 95% CI sampling unc.",-0.37
1867,"low. bound, 95% CI sampling unc.",-0.434
1868,"low. bound, 95% CI sampling unc.",-0.344
1869,"low. bound, 95% CI sampling unc.",-0.368
1870,"low. bound, 95% CI sampling unc.",-0.377
1871,"low. bound, 95% CI sampling unc.",-0.437
1872,"low. bound, 95% CI sampling unc.",-0.326
1873,"low. bound, 95% CI sampling unc.",-0.4
1874,"low. bound, 95% CI sampling unc.",-0.462
1875,"low. bound, 95% CI sampling unc.",-0.488
1876,"low. bound, 95% CI sampling unc.",-0.475
1877,"low. bound, 95% CI sampling unc.",-0.163
1878,"low. bound, 95% CI sampling unc.",-0.053
1879,"low. bound, 95% CI sampling unc.",-0.31
1880,"low. bound, 95% CI sampling unc.",-0.304
1881,"low. bound, 95% CI sampling unc.",-0.276
1882,"low. bound, 95% CI sampling unc.",-0.287
1883,"low. bound, 95% CI sampling unc.",-0.364
1884,"low. bound, 95% CI sampling unc.",-0.471
1885,"low. bound, 95% CI sampling unc.",-0.45
1886,"low. bound, 95% CI sampling unc.",-0.428
1887,"low. bound, 95% CI sampling unc.",-0.481
1888,"low. bound, 95% CI sampling unc.",-0.37
1889,"low. bound, 95% CI sampling unc.",-0.237
1890,"low. bound, 95% CI sampling unc.",-0.482
1891,"low. bound, 95% CI sampling unc.",-0.398
1892,"low. bound, 95% CI sampling unc.",-0.527
1893,"low. bound, 95% CI sampling unc.",-0.545
1894,"low. bound, 95% CI sampling unc.",-0.479
1895,"low. bound, 95% CI sampling unc.",-0.457
1896,"low. bound, 95% CI sampling unc.",-0.255
1897,"low. bound, 95% CI sampling unc.",-0.276
1898,"low. bound, 95% CI sampling unc.",-0.482
1899,"low. bound, 95% CI sampling unc.",-0.358
1900,"low. bound, 95% CI sampling unc.",-0.274
1901,"low. bound, 95% CI sampling unc.",-0.328
1902,"low. bound, 95% CI sampling unc.",-0.464
1903,"low. bound, 95% CI sampling unc.",-0.541
1904,"low. bound, 95% CI sampling unc.",-0.582
1905,"low. bound, 95% CI sampling unc.",-0.436
1906,"low. bound, 95% CI sampling unc.",-0.341
1907,"low. bound, 95% CI sampling unc.",-0.524
1908,"low. bound, 95% CI sampling unc.",-0.568
1909,"low. bound, 95% CI sampling unc.",-0.574
1910,"low. bound, 95% CI sampling unc.",-0.539
1911,"low. bound, 95% CI sampling unc.",-0.591
1912,"low. bound, 95% CI sampling unc.",-0.485
1913,"low. bound, 95% CI sampling unc.",-0.473
1914,"low. bound, 95% CI sampling unc.",-0.302
1915,"low. bound, 95% CI sampling unc.",-0.209
1916,"low. bound, 95% CI sampling unc.",-0.442
1917,"low. bound, 95% CI sampling unc.",-0.532
1918,"low. bound, 95% CI sampling unc.",-0.401
1919,"low. bound, 95% CI sampling unc.",-0.339
1920,"low. bound, 95% CI sampling unc.",-0.309
1921,"low. bound, 95% CI sampling unc.",-0.243
1922,"low. bound, 95% CI sampling unc.",-0.355
1923,"low. bound, 95% CI sampling unc.",-0.326
1924,"low. bound, 95% CI sampling unc.",-0.345
1925,"low. bound, 95% CI sampling unc.",-0.265
1926,"low. bound, 95% CI sampling unc.",-0.157
1927,"low. bound, 95% CI sampling unc.",-0.256
1928,"low. bound, 95% CI sampling unc.",-0.254
1929,"low. bound, 95% CI sampling unc.",-0.399
1930,"low. bound, 95% CI sampling unc.",-0.186
1931,"low. bound, 95% CI sampling unc.",-0.135
1932,"low. bound, 95% CI sampling unc.",-0.185
1933,"low. bound, 95% CI sampling unc.",-0.32
1934,"low. bound, 95% CI sampling unc.",-0.178
1935,"low. bound, 95% CI sampling unc.",-0.224
1936,"low. bound, 95% CI sampling unc.",-0.189
1937,"low. bound, 95% CI sampling unc.",-0.068
1938,"low. bound, 95% CI sampling unc.",-0.049
1939,"low. bound, 95% CI sampling unc.",-0.103
1940,"low. bound, 95% CI sampling unc.",-0.044
1941,"low. bound, 95% CI sampling unc.",-0.032
1942,"low. bound, 95% CI sampling unc.",-0.084
1943,"low. bound, 95% CI sampling unc.",-0.06
1944,"low. bound, 95% CI sampling unc.",0.091
1945,"low. bound, 95% CI sampling unc.",-0.03
1946,"low. bound, 95% CI sampling unc.",-0.124
1947,"low. bound, 95% CI sampling unc.",-0.089
1948,"low. bound, 95% CI sampling unc.",-0.086
1949,"low. bound, 95% CI sampling unc.",-0.118
1950,"low. bound, 95% CI sampling unc.",-0.217
1951,"low. bound, 95% CI sampling unc.",-0.093
1952,"low. bound, 95% CI sampling unc.",-0.012
1953,"low. bound, 95% CI sampling unc.",0.057
1954,"low. bound, 95% CI sampling unc.",-0.169
1955,"low. bound, 95% CI sampling unc.",-0.227
1956,"low. bound, 95% CI sampling unc.",-0.304
1957,"low. bound, 95% CI sampling unc.",-0.043
1958,"low. bound, 95% CI sampling unc.",0.01
1959,"low. bound, 95% CI sampling unc.",-0.018
1960,"low. bound, 95% CI sampling unc.",-0.083
1961,"low. bound, 95% CI sampling unc.",0.006
1962,"low. bound, 95% CI sampling unc.",-0.017
1963,"low. bound, 95% CI sampling unc.",0.016
1964,"low. bound, 95% CI sampling unc.",-0.254
1965,"low. bound, 95% CI sampling unc.",-0.171
1966,"low. bound, 95% CI sampling unc.",-0.098
1967,"low. bound, 95% CI sampling unc.",-0.103
1968,"low. bound, 95% CI sampling unc.",-0.141
1969,"low. bound, 95% CI sampling unc.",0.004
1970,"low. bound, 95% CI sampling unc.",-0.055
1971,"low. bound, 95% CI sampling unc.",-0.213
1972,"low. bound, 95% CI sampling unc.",-0.093
1973,"low. bound, 95% CI sampling unc.",0.035
1974,"low. bound, 95% CI sampling unc.",-0.241
1975,"low. bound, 95% CI sampling unc.",-0.175
1976,"low. bound, 95% CI sampling unc.",-0.269
1977,"low. bound, 95% CI sampling unc.",0.02
1978,"low. bound, 95% CI sampling unc.",-0.089
1979,"low. bound, 95% CI sampling unc.",0.035
1980,"low. bound, 95% CI sampling unc.",0.067
1981,"low. bound, 95% CI sampling unc.",0.113
1982,"low. bound, 95% CI sampling unc.",-0.017
1983,"low. bound, 95% CI sampling unc.",0.166
1984,"low. bound, 95% CI sampling unc.",-0.041
1985,"low. bound, 95% CI sampling unc.",-0.056
1986,"low. bound, 95% CI sampling unc.",0.02
1987,"low. bound, 95% CI sampling unc.",0.167
1988,"low. bound, 95% CI sampling unc.",0.173
1989,"low. bound, 95% CI sampling unc.",0.091
1990,"low. bound, 95% CI sampling unc.",0.269
1991,"low. bound, 95% CI sampling unc.",0.228
1992,"low. bound, 95% CI sampling unc.",0.079
1993,"low. bound, 95% CI sampling unc.",0.123
1994,"low. bound, 95% CI sampling unc.",0.183
1995,"low. bound, 95% CI sampling unc.",0.302
1996,"low. bound, 95% CI sampling unc.",0.162
1997,"low. bound, 95% CI sampling unc.",0.367
1998,"low. bound, 95% CI sampling unc.",0.516
1999,"low. bound, 95% CI sampling unc.",0.284
2000,"low. bound, 95% CI sampling unc.",0.273
2001,"low. bound, 95% CI sampling unc.",0.419
2002,"low. bound, 95% CI sampling unc.",0.476
2003,"low. bound, 95% CI sampling unc.",0.487
2004,"low. bound, 95% CI sampling unc.",0.43
2005,"low. bound, 95% CI sampling unc.",0.528
2006,"low. bound, 95% CI sampling unc.",0.491
2007,"low. bound, 95% CI sampling unc.",0.477
2008,"low. bound, 95% CI sampling unc.",0.38
2009,"low. bound, 95% CI sampling unc.",0.492
2010,"low. bound, 95% CI sampling unc.",0.546
2011,"low. bound, 95% CI sampling unc.",0.41
2012,"low. bound, 95% CI sampling unc.",0.452
2013,"low. bound, 95% CI sampling unc.",0.495
2014,"low. bound, 95% CI sampling unc.",0.56
2015,"low. bound, 95% CI sampling unc.",0.747
2016,"low. bound, 95% CI sampling unc.",0.781
2017,"low. bound, 95% CI sampling unc.",0.655
2018,"low. bound, 95% CI sampling unc.",0.582
2019,"low. bound, 95% CI sampling unc.",0.72
2020,"low. bound, 95% CI sampling unc.",0.777
1850,"upp. bound, 95% CI sampling unc.",-0.243
1851,"upp. bound, 95% CI sampling unc.",-0.086
1852,"upp. bound, 95% CI sampling unc.",-0.103
1853,"upp. bound, 95% CI sampling unc.",-0.16
1854,"upp. bound, 95% CI sampling unc.",-0.147
1855,"upp. bound, 95% CI sampling unc.",-0.176
1856,"upp. bound, 95% CI sampling unc.",-0.26
1857,"upp. bound, 95% CI sampling unc.",-0.363
1858,"upp. bound, 95% CI sampling unc.",-0.364
1859,"upp. bound, 95% CI sampling unc.",-0.171
1860,"upp. bound, 95% CI sampling unc.",-0.231
1861,"upp. bound, 95% CI sampling unc.",-0.29
1862,"upp. bound, 95% CI sampling unc.",-0.404
1863,"upp. bound, 95% CI sampling unc.",-0.154
1864,"upp. bound, 95% CI sampling unc.",-0.372
1865,"upp. bound, 95% CI sampling unc.",-0.155
1866,"upp. bound, 95% CI sampling unc.",-0.133
1867,"upp. bound, 95% CI sampling unc.",-0.208
1868,"upp. bound, 95% CI sampling unc.",-0.132
1869,"upp. bound, 95% CI sampling unc.",-0.156
1870,"upp. bound, 95% CI sampling unc.",-0.174
1871,"upp. bound, 95% CI sampling unc.",-0.232
1872,"upp. bound, 95% CI sampling unc.",-0.128
1873,"upp. bound, 95% CI sampling unc.",-0.207
1874,"upp. bound, 95% CI sampling unc.",-0.273
1875,"upp. bound, 95% CI sampling unc.",-0.302
1876,"upp. bound, 95% CI sampling unc.",-0.294
1877,"upp. bound, 95% CI sampling unc.",0.013
1878,"upp. bound, 95% CI sampling unc.",0.124
1879,"upp. bound, 95% CI sampling unc.",-0.151
1880,"upp. bound, 95% CI sampling unc.",-0.15
1881,"upp. bound, 95% CI sampling unc.",-0.125
1882,"upp. bound, 95% CI sampling unc.",-0.138
1883,"upp. bound, 95% CI sampling unc.",-0.229
1884,"upp. bound, 95% CI sampling unc.",-0.346
1885,"upp. bound, 95% CI sampling unc.",-0.328
1886,"upp. bound, 95% CI sampling unc.",-0.307
1887,"upp. bound, 95% CI sampling unc.",-0.356
1888,"upp. bound, 95% CI sampling unc.",-0.244
1889,"upp. bound, 95% CI sampling unc.",-0.105
1890,"upp. bound, 95% CI sampling unc.",-0.351
1891,"upp. bound, 95% CI sampling unc.",-0.262
1892,"upp. bound, 95% CI sampling unc.",-0.383
1893,"upp. bound, 95% CI sampling unc.",-0.402
1894,"upp. bound, 95% CI sampling unc.",-0.341
1895,"upp. bound, 95% CI sampling unc.",-0.322
1896,"upp. bound, 95% CI sampling unc.",-0.117
1897,"upp. bound, 95% CI sampling unc.",-0.137
1898,"upp. bound, 95% CI sampling unc.",-0.343
1899,"upp. bound, 95% CI sampling unc.",-0.22
1900,"upp. bound, 95% CI sampling unc.",-0.132
1901,"upp. bound, 95% CI sampling unc.",-0.189
1902,"upp. bound, 95% CI sampling unc.",-0.339
1903,"upp. bound, 95% CI sampling unc.",-0.417
1904,"upp. bound, 95% CI sampling unc.",-0.459
1905,"upp. bound, 95% CI sampling unc.",-0.318
1906,"upp. bound, 95% CI sampling unc.",-0.224
1907,"upp. bound, 95% CI sampling unc.",-0.406
1908,"upp. bound, 95% CI sampling unc.",-0.455
1909,"upp. bound, 95% CI sampling unc.",-0.471
1910,"upp. bound, 95% CI sampling unc.",-0.442
1911,"upp. bound, 95% CI sampling unc.",-0.498
1912,"upp. bound, 95% CI sampling unc.",-0.39
1913,"upp. bound, 95% CI sampling unc.",-0.375
1914,"upp. bound, 95% CI sampling unc.",-0.185
1915,"upp. bound, 95% CI sampling unc.",-0.073
1916,"upp. bound, 95% CI sampling unc.",-0.323
1917,"upp. bound, 95% CI sampling unc.",-0.404
1918,"upp. bound, 95% CI sampling unc.",-0.264
1919,"upp. bound, 95% CI sampling unc.",-0.21
1920,"upp. bound, 95% CI sampling unc.",-0.186
1921,"upp. bound, 95% CI sampling unc.",-0.132
1922,"upp. bound, 95% CI sampling unc.",-0.249
1923,"upp. bound, 95% CI sampling unc.",-0.227
1924,"upp. bound, 95% CI sampling unc.",-0.244
1925,"upp. bound, 95% CI sampling unc.",-0.166
1926,"upp. bound, 95% CI sampling unc.",-0.059
1927,"upp. bound, 95% CI sampling unc.",-0.164
1928,"upp. bound, 95% CI sampling unc.",-0.158
1929,"upp. bound, 95% CI sampling unc.",-0.301
1930,"upp. bound, 95% CI sampling unc.",-0.088
1931,"upp. bound, 95% CI sampling unc.",-0.038
1932,"upp. bound, 95% CI sampling unc.",-0.088
1933,"upp. bound, 95% CI sampling unc.",-0.225
1934,"upp. bound, 95% CI sampling unc.",-0.084
1935,"upp. bound, 95% CI sampling unc.",-0.132
1936,"upp. bound, 95% CI sampling unc.",-0.105
1937,"upp. bound, 95% CI sampling unc.",0.016
1938,"upp. bound, 95% CI sampling unc.",0.038
1939,"upp. bound, 95% CI sampling unc.",-0.001
1940,"upp. bound, 95% CI sampling unc.",0.072
1941,"upp. bound, 95% CI sampling unc.",0.072
1942,"upp. bound, 95% CI sampling unc.",0.029
1943,"upp. bound, 95% CI sampling unc.",0.051
1944,"upp. bound, 95% CI sampling unc.",0.198
1945,"upp. bound, 95% CI sampling unc.",0.081
1946,"upp. bound, 95% CI sampling unc.",-0.017
1947,"upp. bound, 95% CI sampling unc.",0.012
1948,"upp. bound, 95% CI sampling unc.",0.008
1949,"upp. bound, 95% CI sampling unc.",-0.031
1950,"upp. bound, 95% CI sampling unc.",-0.13
1951,"upp. bound, 95% CI sampling unc.",-0.01
1952,"upp. bound, 95% CI sampling unc.",0.068
1953,"upp. bound, 95% CI sampling unc.",0.137
1954,"upp. bound, 95% CI sampling unc.",-0.089
1955,"upp. bound, 95% CI sampling unc.",-0.152
1956,"upp. bound, 95% CI sampling unc.",-0.229
1957,"upp. bound, 95% CI sampling unc.",0.03
1958,"upp. bound, 95% CI sampling unc.",0.082
1959,"upp. bound, 95% CI sampling unc.",0.051
1960,"upp. bound, 95% CI sampling unc.",-0.015
1961,"upp. bound, 95% CI sampling unc.",0.07
1962,"upp. bound, 95% CI sampling unc.",0.046
1963,"upp. bound, 95% CI sampling unc.",0.08
1964,"upp. bound, 95% CI sampling unc.",-0.192
1965,"upp. bound, 95% CI sampling unc.",-0.109
1966,"upp. bound, 95% CI sampling unc.",-0.038
1967,"upp. bound, 95% CI sampling unc.",-0.045
1968,"upp. bound, 95% CI sampling unc.",-0.085
1969,"upp. bound, 95% CI sampling unc.",0.059
1970,"upp. bound, 95% CI sampling unc.",-0.0
1971,"upp. bound, 95% CI sampling unc.",-0.16
1972,"upp. bound, 95% CI sampling unc.",-0.038
1973,"upp. bound, 95% CI sampling unc.",0.089
1974,"upp. bound, 95% CI sampling unc.",-0.187
1975,"upp. bound, 95% CI sampling unc.",-0.122
1976,"upp. bound, 95% CI sampling unc.",-0.214
1977,"upp. bound, 95% CI sampling unc.",0.074
1978,"upp. bound, 95% CI sampling unc.",-0.035
1979,"upp. bound, 95% CI sampling unc.",0.08
1980,"upp. bound, 95% CI sampling unc.",0.118
1981,"upp. bound, 95% CI sampling unc.",0.166
1982,"upp. bound, 95% CI sampling unc.",0.04
1983,"upp. bound, 95% CI sampling unc.",0.222
1984,"upp. bound, 95% CI sampling unc.",0.014
1985,"upp. bound, 95% CI sampling unc.",-0.003
1986,"upp. bound, 95% CI sampling unc.",0.071
1987,"upp. bound, 95% CI sampling unc.",0.217
1988,"upp. bound, 95% CI sampling unc.",0.224
1989,"upp. bound, 95% CI sampling unc.",0.145
1990,"upp. bound, 95% CI sampling unc.",0.323
1991,"upp. bound, 95% CI sampling unc.",0.28
1992,"upp. bound, 95% CI sampling unc.",0.13
1993,"upp. bound, 95% CI sampling unc.",0.174
1994,"upp. bound, 95% CI sampling unc.",0.233
1995,"upp. bound, 95% CI sampling unc.",0.348
1996,"upp. bound, 95% CI sampling unc.",0.203
1997,"upp. bound, 95% CI sampling unc.",0.412
1998,"upp. bound, 95% CI sampling unc.",0.563
1999,"upp. bound, 95% CI sampling unc.",0.329
2000,"upp. bound, 95% CI sampling unc.",0.316
2001,"upp. bound, 95% CI sampling unc.",0.462
2002,"upp. bound, 95% CI sampling unc.",0.516
2003,"upp. bound, 95% CI sampling unc.",0.524
2004,"upp. bound, 95% CI sampling unc.",0.464
2005,"upp. bound, 95% CI sampling unc.",0.561
2006,"upp. bound, 95% CI sampling unc.",0.521
2007,"upp. bound, 95% CI sampling unc.",0.506
2008,"upp. bound, 95% CI sampling unc.",0.409
2009,"upp. bound, 95% CI sampling unc.",0.52
2010,"upp. bound, 95% CI sampling unc.",0.573
2011,"upp. bound, 95% CI sampling unc.",0.44
2012,"upp. bound, 95% CI sampling unc.",0.488
2013,"upp. bound, 95% CI sampling unc.",0.533
2014,"upp. bound, 95% CI sampling unc.",0.598
2015,"upp. bound, 95% CI sampling unc.",0.779
2016,"upp. bound, 95% CI sampling unc.",0.812
2017,"upp. bound, 95% CI sampling unc.",0.698
2018,"upp. bound, 95% CI sampling unc.",0.612
2019,"upp. bound, 95% CI sampling unc.",0.753
2020,"upp. bound, 95% CI sampling unc.",0.811
1850,"low. bound, 95% CI coverage unc.",-0.536
1851,"low. bound, 95% CI coverage unc.",-0.368
1852,"low. bound, 95% CI coverage unc.",-0.378
1853,"low. bound, 95% CI coverage unc.",-0.428
1854,"low. bound, 95% CI coverage unc.",-0.391
1855,"low. bound, 95% CI coverage unc.",-0.415
1856,"low. bound, 95% CI coverage unc.",-0.501
1857,"low. bound, 95% CI coverage unc.",-0.594
1858,"low. bound, 95% CI coverage unc.",-0.6
1859,"low. bound, 95% CI coverage unc.",-0.418
1860,"low. bound, 95% CI coverage unc.",-0.478
1861,"low. bound, 95% CI coverage unc.",-0.562
1862,"low. bound, 95% CI coverage unc.",-0.689
1863,"low. bound, 95% CI coverage unc.",-0.444
1864,"low. bound, 95% CI coverage unc.",-0.649
1865,"low. bound, 95% CI coverage unc.",-0.454
1866,"low. bound, 95% CI coverage unc.",-0.413
1867,"low. bound, 95% CI coverage unc.",-0.485
1868,"low. bound, 95% CI coverage unc.",-0.399
1869,"low. bound, 95% CI coverage unc.",-0.403
1870,"low. bound, 95% CI coverage unc.",-0.4
1871,"low. bound, 95% CI coverage unc.",-0.47
1872,"low. bound, 95% CI coverage unc.",-0.351
1873,"low. bound, 95% CI coverage unc.",-0.422
1874,"low. bound, 95% CI coverage unc.",-0.487
1875,"low. bound, 95% CI coverage unc.",-0.512
1876,"low. bound, 95% CI coverage unc.",-0.5
1877,"low. bound, 95% CI coverage unc.",-0.193
1878,"low. bound, 95% CI coverage unc.",-0.081
1879,"low. bound, 95% CI coverage unc.",-0.344
1880,"low. bound, 95% CI coverage unc.",-0.347
1881,"low. bound, 95% CI coverage unc.",-0.324
1882,"low. bound, 95% CI coverage unc.",-0.33
1883,"low. bound, 95% CI coverage unc.",-0.405
1884,"low. bound, 95% CI coverage unc.",-0.519
1885,"low. bound, 95% CI coverage unc.",-0.504
1886,"low. bound, 95% CI coverage unc.",-0.48
1887,"low. bound, 95% CI coverage unc.",-0.526
1888,"low. bound, 95% CI coverage unc.",-0.413
1889,"low. bound, 95% CI coverage unc.",-0.279
1890,"low. bound, 95% CI coverage unc.",-0.521
1891,"low. bound, 95% CI coverage unc.",-0.436
1892,"low. bound, 95% CI coverage unc.",-0.56
1893,"low. bound, 95% CI coverage unc.",-0.576
1894,"low. bound, 95% CI coverage unc.",-0.514
1895,"low. bound, 95% CI coverage unc.",-0.492
1896,"low. bound, 95% CI coverage unc.",-0.29
1897,"low. bound, 95% CI coverage unc.",-0.309
1898,"low. bound, 95% CI coverage unc.",-0.514
1899,"low. bound, 95% CI coverage unc.",-0.389
1900,"low. bound, 95% CI coverage unc.",-0.303
1901,"low. bound, 95% CI coverage unc.",-0.366
1902,"low. bound, 95% CI coverage unc.",-0.505
1903,"low. bound, 95% CI coverage unc.",-0.585
1904,"low. bound, 95% CI coverage unc.",-0.627
1905,"low. bound, 95% CI coverage unc.",-0.481
1906,"low. bound, 95% CI coverage unc.",-0.388
1907,"low. bound, 95% CI coverage unc.",-0.568
1908,"low. bound, 95% CI coverage unc.",-0.613
1909,"low. bound, 95% CI coverage unc.",-0.626
1910,"low. bound, 95% CI coverage unc.",-0.594
1911,"low. bound, 95% CI coverage unc.",-0.646
1912,"low. bound, 95% CI coverage unc.",-0.538
1913,"low. bound, 95% CI coverage unc.",-0.527
1914,"low. bound, 95% CI coverage unc.",-0.346
1915,"low. bound, 95% CI coverage unc.",-0.25
1916,"low. bound, 95% CI coverage unc.",-0.489
1917,"low. bound, 95% CI coverage unc.",-0.578
1918,"low. bound, 95% CI coverage unc.",-0.449
1919,"low. bound, 95% CI coverage unc.",-0.388
1920,"low. bound, 95% CI coverage unc.",-0.358
1921,"low. bound, 95% CI coverage unc.",-0.288
1922,"low. bound, 95% CI coverage unc.",-0.404
1923,"low. bound, 95% CI coverage unc.",-0.374
1924,"low. bound, 95% CI coverage unc.",-0.396
1925,"low. bound, 95% CI coverage unc.",-0.316
1926,"low. bound, 95% CI coverage unc.",-0.209
1927,"low. bound, 95% CI coverage unc.",-0.31
1928,"low. bound, 95% CI coverage unc.",-0.303
1929,"low. bound, 95% CI coverage unc.",-0.448
1930,"low. bound, 95% CI coverage unc.",-0.235
1931,"low. bound, 95% CI coverage unc.",-0.185
1932,"low. bound, 95% CI coverage unc.",-0.231
1933,"low. bound, 95% CI coverage unc.",-0.366
1934,"low. bound, 95% CI coverage unc.",-0.224
1935,"low. bound, 95% CI coverage unc.",-0.27
1936,"low. bound, 95% CI coverage unc.",-0.235
1937,"low. bound, 95% CI coverage unc.",-0.112
1938,"low. bound, 95% CI coverage unc.",-0.096
1939,"low. bound, 95% CI coverage unc.",-0.142
1940,"low. bound, 95% CI coverage unc.",-0.089
1941,"low. bound, 95% CI coverage unc.",-0.077
1942,"low. bound, 95% CI coverage unc.",-0.125
1943,"low. bound, 95% CI coverage unc.",-0.107
1944,"low. bound, 95% CI coverage unc.",0.044
1945,"low. bound, 95% CI coverage unc.",-0.08
1946,"low. bound, 95% CI coverage unc.",-0.16
1947,"low. bound, 95% CI coverage unc.",-0.126
1948,"low. bound, 95% CI coverage unc.",-0.124
1949,"low. bound, 95% CI coverage unc.",-0.158
1950,"low. bound, 95% CI coverage unc.",-0.255
1951,"low. bound, 95% CI coverage unc.",-0.137
1952,"low. bound, 95% CI coverage unc.",-0.056
1953,"low. bound, 95% CI coverage unc.",0.012
1954,"low. bound, 95% CI coverage unc.",-0.213
1955,"low. bound, 95% CI coverage unc.",-0.272
1956,"low. bound, 95% CI coverage unc.",-0.345
1957,"low. bound, 95% CI coverage unc.",-0.084
1958,"low. bound, 95% CI coverage unc.",-0.031
1959,"low. bound, 95% CI coverage unc.",-0.058
1960,"low. bound, 95% CI coverage unc.",-0.123
1961,"low. bound, 95% CI coverage unc.",-0.038
1962,"low. bound, 95% CI coverage unc.",-0.062
1963,"low. bound, 95% CI coverage unc.",-0.029
1964,"low. bound, 95% CI coverage unc.",-0.299
1965,"low. bound, 95% CI coverage unc.",-0.216
1966,"low. bound, 95% CI coverage unc.",-0.145
1967,"low. bound, 95% CI coverage unc.",-0.15
1968,"low. bound, 95% CI coverage unc.",-0.188
1969,"low. bound, 95% CI coverage unc.",-0.045
1970,"low. bound, 95% CI coverage unc.",-0.103
1971,"low. bound, 95% CI coverage unc.",-0.261
1972,"low. bound, 95% CI coverage unc.",-0.141
1973,"low. bound, 95% CI coverage unc.",-0.012
1974,"low. bound, 95% CI coverage unc.",-0.289
1975,"low. bound, 95% CI coverage unc.",-0.224
1976,"low. bound, 95% CI coverage unc.",-0.317
1977,"low. bound, 95% CI coverage unc.",-0.027
1978,"low. bound, 95% CI coverage unc.",-0.138
1979,"low. bound, 95% CI coverage unc.",-0.016
1980,"low. bound, 95% CI coverage unc.",0.017
1981,"low. bound, 95% CI coverage unc.",0.063
1982,"low. bound, 95% CI coverage unc.",-0.064
1983,"low. bound, 95% CI coverage unc.",0.119
1984,"low. bound, 95% CI coverage unc.",-0.089
1985,"low. bound, 95% CI coverage unc.",-0.103
1986,"low. bound, 95% CI coverage unc.",-0.03
1987,"low. bound, 95% CI coverage unc.",0.116
1988,"low. bound, 95% CI coverage unc.",0.123
1989,"low. bound, 95% CI coverage unc.",0.042
1990,"low. bound, 95% CI coverage unc.",0.22
1991,"low. bound, 95% CI coverage unc.",0.178
1992,"low. bound, 95% CI coverage unc.",0.027
1993,"low. bound, 95% CI coverage unc.",0.071
1994,"low. bound, 95% CI coverage unc.",0.129
1995,"low. bound, 95% CI coverage unc.",0.249
1996,"low. bound, 95% CI coverage unc.",0.103
1997,"low. bound, 95% CI coverage unc.",0.313
1998,"low. bound, 95% CI coverage unc.",0.464
1999,"low. bound, 95% CI coverage unc.",0.23
2000,"low. bound, 95% CI coverage unc.",0.217
2001,"low. bound, 95% CI coverage unc.",0.364
2002,"low. bound, 95% CI coverage unc.",0.417
2003,"low. bound, 95% CI coverage unc.",0.427
2004,"low. bound, 95% CI coverage unc.",0.368
2005,"low. bound, 95% CI coverage unc.",0.464
2006,"low. bound, 95% CI coverage unc.",0.427
2007,"low. bound, 95% CI coverage unc.",0.414
2008,"low. bound, 95% CI coverage unc.",0.318
2009,"low. bound, 95% CI coverage unc.",0.427
2010,"low. bound, 95% CI coverage unc.",0.48
2011,"low. bound, 95% CI coverage unc.",0.347
2012,"low. bound, 95% CI coverage unc.",0.392
2013,"low. bound, 95% CI coverage unc.",0.435
2014,"low. bound, 95% CI coverage unc.",0.503
2015,"low. bound, 95% CI coverage unc.",0.686
2016,"low. bound, 95% CI coverage unc.",0.72
2017,"low. bound, 95% CI coverage unc.",0.599
2018,"low. bound, 95% CI coverage unc.",0.522
2019,"low. bound, 95% CI coverage unc.",0.656
2020,"low. bound, 95% CI coverage unc.",0.714
1850,"upp. bound, 95% CI coverage unc.",-0.21
1851,"upp. bound, 95% CI coverage unc.",-0.068
1852,"upp. bound, 95% CI coverage unc.",-0.078
1853,"upp. bound, 95% CI coverage unc.",-0.11
1854,"upp. bound, 95% CI coverage unc.",-0.105
1855,"upp. bound, 95% CI coverage unc.",-0.13
1856,"upp. bound, 95% CI coverage unc.",-0.215
1857,"upp. bound, 95% CI coverage unc.",-0.328
1858,"upp. bound, 95% CI coverage unc.",-0.334
1859,"upp. bound, 95% CI coverage unc.",-0.15
1860,"upp. bound, 95% CI coverage unc.",-0.208
1861,"upp. bound, 95% CI coverage unc.",-0.252
1862,"upp. bound, 95% CI coverage unc.",-0.358
1863,"upp. bound, 95% CI coverage unc.",-0.112
1864,"upp. bound, 95% CI coverage unc.",-0.34
1865,"upp. bound, 95% CI coverage unc.",-0.105
1866,"upp. bound, 95% CI coverage unc.",-0.089
1867,"upp. bound, 95% CI coverage unc.",-0.157
1868,"upp. bound, 95% CI coverage unc.",-0.078
1869,"upp. bound, 95% CI coverage unc.",-0.122
1870,"upp. bound, 95% CI coverage unc.",-0.151
1871,"upp. bound, 95% CI coverage unc.",-0.199
1872,"upp. bound, 95% CI coverage unc.",-0.103
1873,"upp. bound, 95% CI coverage unc.",-0.186
1874,"upp. bound, 95% CI coverage unc.",-0.249
1875,"upp. bound, 95% CI coverage unc.",-0.277
1876,"upp. bound, 95% CI coverage unc.",-0.269
1877,"upp. bound, 95% CI coverage unc.",0.043
1878,"upp. bound, 95% CI coverage unc.",0.152
1879,"upp. bound, 95% CI coverage unc.",-0.117
1880,"upp. bound, 95% CI coverage unc.",-0.107
1881,"upp. bound, 95% CI coverage unc.",-0.076
1882,"upp. bound, 95% CI coverage unc.",-0.096
1883,"upp. bound, 95% CI coverage unc.",-0.187
1884,"upp. bound, 95% CI coverage unc.",-0.298
1885,"upp. bound, 95% CI coverage unc.",-0.274
1886,"upp. bound, 95% CI coverage unc.",-0.255
1887,"upp. bound, 95% CI coverage unc.",-0.31
1888,"upp. bound, 95% CI coverage unc.",-0.201
1889,"upp. bound, 95% CI coverage unc.",-0.063
1890,"upp. bound, 95% CI coverage unc.",-0.312
1891,"upp. bound, 95% CI coverage unc.",-0.224
1892,"upp. bound, 95% CI coverage unc.",-0.35
1893,"upp. bound, 95% CI coverage unc.",-0.37
1894,"upp. bound, 95% CI coverage unc.",-0.307
1895,"upp. bound, 95% CI coverage unc.",-0.287
1896,"upp. bound, 95% CI coverage unc.",-0.082
1897,"upp. bound, 95% CI coverage unc.",-0.104
1898,"upp. bound, 95% CI coverage unc.",-0.31
1899,"upp. bound, 95% CI coverage unc.",-0.189
1900,"upp. bound, 95% CI coverage unc.",-0.102
1901,"upp. bound, 95% CI coverage unc.",-0.151
1902,"upp. bound, 95% CI coverage unc.",-0.298
1903,"upp. bound, 95% CI coverage unc.",-0.374
1904,"upp. bound, 95% CI coverage unc.",-0.413
1905,"upp. bound, 95% CI coverage unc.",-0.273
1906,"upp. bound, 95% CI coverage unc.",-0.177
1907,"upp. bound, 95% CI coverage unc.",-0.363
1908,"upp. bound, 95% CI coverage unc.",-0.409
1909,"upp. bound, 95% CI coverage unc.",-0.419
1910,"upp. bound, 95% CI coverage unc.",-0.387
1911,"upp. bound, 95% CI coverage unc.",-0.442
1912,"upp. bound, 95% CI coverage unc.",-0.337
1913,"upp. bound, 95% CI coverage unc.",-0.321
1914,"upp. bound, 95% CI coverage unc.",-0.141
1915,"upp. bound, 95% CI coverage unc.",-0.032
1916,"upp. bound, 95% CI coverage unc.",-0.276
1917,"upp. bound, 95% CI coverage unc.",-0.358
1918,"upp. bound, 95% CI coverage unc.",-0.217
1919,"upp. bound, 95% CI coverage unc.",-0.161
1920,"upp. bound, 95% CI coverage unc.",-0.137
1921,"upp. bound, 95% CI coverage unc.",-0.086
1922,"upp. bound, 95% CI coverage unc.",-0.2
1923,"upp. bound, 95% CI coverage unc.",-0.179
1924,"upp. bound, 95% CI coverage unc.",-0.192
1925,"upp. bound, 95% CI coverage unc.",-0.115
1926,"upp. bound, 95% CI coverage unc.",-0.007
1927,"upp. bound, 95% CI coverage unc.",-0.11
1928,"upp. bound, 95% CI coverage unc.",-0.108
1929,"upp. bound, 95% CI coverage unc.",-0.252
1930,"upp. bound, 95% CI coverage unc.",-0.039
1931,"upp. bound, 95% CI coverage unc.",0.011
1932,"upp. bound, 95% CI coverage unc.",-0.043
1933,"upp. bound, 95% CI coverage unc.",-0.179
1934,"upp. bound, 95% CI coverage unc.",-0.038
1935,"upp. bound, 95% CI coverage unc.",-0.086
1936,"upp. bound, 95% CI coverage unc.",-0.059
1937,"upp. bound, 95% CI coverage unc.",0.061
1938,"upp. bound, 95% CI coverage unc.",0.085
1939,"upp. bound, 95% CI coverage unc.",0.038
1940,"upp. bound, 95% CI coverage unc.",0.117
1941,"upp. bound, 95% CI coverage unc.",0.117
1942,"upp. bound, 95% CI coverage unc.",0.071
1943,"upp. bound, 95% CI coverage unc.",0.099
1944,"upp. bound, 95% CI coverage unc.",0.245
1945,"upp. bound, 95% CI coverage unc.",0.131
1946,"upp. bound, 95% CI coverage unc.",0.019
1947,"upp. bound, 95% CI coverage unc.",0.05
1948,"upp. bound, 95% CI coverage unc.",0.046
1949,"upp. bound, 95% CI coverage unc.",0.009
1950,"upp. bound, 95% CI coverage unc.",-0.091
1951,"upp. bound, 95% CI coverage unc.",0.034
1952,"upp. bound, 95% CI coverage unc.",0.112
1953,"upp. bound, 95% CI coverage unc.",0.182
1954,"upp. bound, 95% CI coverage unc.",-0.045
1955,"upp. bound, 95% CI coverage unc.",-0.107
1956,"upp. bound, 95% CI coverage unc.",-0.188
1957,"upp. bound, 95% CI coverage unc.",0.071
1958,"upp. bound, 95% CI coverage unc.",0.122
1959,"upp. bound, 95% CI coverage unc.",0.091
1960,"upp. bound, 95% CI coverage unc.",0.025
1961,"upp. bound, 95% CI coverage unc.",0.113
1962,"upp. bound, 95% CI coverage unc.",0.09
1963,"upp. bound, 95% CI coverage unc.",0.125
1964,"upp. bound, 95% CI coverage unc.",-0.148
1965,"upp. bound, 95% CI coverage unc.",-0.064
1966,"upp. bound, 95% CI coverage unc.",0.009
1967,"upp. bound, 95% CI coverage unc.",0.003
1968,"upp. bound, 95% CI coverage unc.",-0.037
1969,"upp. bound, 95% CI coverage unc.",0.108
1970,"upp. bound, 95% CI coverage unc.",0.048
1971,"upp. bound, 95% CI coverage unc.",-0.112
1972,"upp. bound, 95% CI coverage unc.",0.01
1973,"upp. bound, 95% CI coverage unc.",0.136
1974,"upp. bound, 95% CI coverage unc.",-0.139
1975,"upp. bound, 95% CI coverage unc.",-0.073
1976,"upp. bound, 95% CI coverage unc.",-0.166
1977,"upp. bound, 95% CI coverage unc.",0.121
1978,"upp. bound, 95% CI coverage unc.",0.014
1979,"upp. bound, 95% CI coverage unc.",0.131
1980,"upp. bound, 95% CI coverage unc.",0.168
1981,"upp. bound, 95% CI coverage unc.",0.216
1982,"upp. bound, 95% CI coverage unc.",0.087
1983,"upp. bound, 95% CI coverage unc.",0.269
1984,"upp. bound, 95% CI coverage unc.",0.061
1985,"upp. bound, 95% CI coverage unc.",0.043
1986,"upp. bound, 95% CI coverage unc.",0.12
1987,"upp. bound, 95% CI coverage unc.",0.268
1988,"upp. bound, 95% CI coverage unc.",0.274
1989,"upp. bound, 95% CI coverage unc.",0.193
1990,"upp. bound, 95% CI coverage unc.",0.373
1991,"upp. bound, 95% CI coverage unc.",0.33
1992,"upp. bound, 95% CI coverage unc.",0.182
1993,"upp. bound, 95% CI coverage unc.",0.226
1994,"upp. bound, 95% CI coverage unc.",0.286
1995,"upp. bound, 95% CI coverage unc.",0.402
1996,"upp. bound, 95% CI coverage unc.",0.262
1997,"upp. bound, 95% CI coverage unc.",0.466
1998,"upp. bound, 95% CI coverage unc.",0.615
1999,"upp. bound, 95% CI coverage unc.",0.382
2000,"upp. bound, 95% CI coverage unc.",0.371
2001,"upp. bound, 95% CI coverage unc.",0.517
2002,"upp. bound, 95% CI coverage unc.",0.575
2003,"upp. bound, 95% CI coverage unc.",0.584
2004,"upp. bound, 95% CI coverage unc.",0.526
2005,"upp. bound, 95% CI coverage unc.",0.625
2006,"upp. bound, 95% CI coverage unc.",0.584
2007,"upp. bound, 95% CI coverage unc.",0.569
2008,"upp. bound, 95% CI coverage unc.",0.471
2009,"upp. bound, 95% CI coverage unc.",0.584
2010,"upp. bound, 95% CI coverage unc.",0.639
2011,"upp. bound, 95% CI coverage unc.",0.503
2012,"upp. bound, 95% CI coverage unc.",0.548
2013,"upp. bound, 95% CI coverage unc.",0.593
2014,"upp. bound, 95% CI coverage unc.",0.655
2015,"upp. bound, 95% CI coverage unc.",0.84
2016,"upp. bound, 95% CI coverage unc.",0.873
2017,"upp. bound, 95% CI coverage unc.",0.754
2018,"upp. bound, 95% CI coverage unc.",0.672
2019,"upp. bound, 95% CI coverage unc.",0.817
2020,"upp. bound, 95% CI coverage unc.",0.873
1850,"low. bound, 95% CI bias + sampling unc.",-0.515
1851,"low. bound, 95% CI bias + sampling unc.",-0.365
1852,"low. bound, 95% CI bias + sampling unc.",-0.367
1853,"low. bound, 95% CI bias + sampling unc.",-0.393
1854,"low. bound, 95% CI bias + sampling unc.",-0.365
1855,"low. bound, 95% CI bias + sampling unc.",-0.385
1856,"low. bound, 95% CI bias + sampling unc.",-0.471
1857,"low. bound, 95% CI bias + sampling unc.",-0.573
1858,"low. bound, 95% CI bias + sampling unc.",-0.583
1859,"low. bound, 95% CI bias + sampling unc.",-0.412
1860,"low. bound, 95% CI bias + sampling unc.",-0.472
1861,"low. bound, 95% CI bias + sampling unc.",-0.542
1862,"low. bound, 95% CI bias + sampling unc.",-0.659
1863,"low. bound, 95% CI bias + sampling unc.",-0.423
1864,"low. bound, 95% CI bias + sampling unc.",-0.636
1865,"low. bound, 95% CI bias + sampling unc.",-0.428
1866,"low. bound, 95% CI bias + sampling unc.",-0.396
1867,"low. bound, 95% CI bias + sampling unc.",-0.459
1868,"low. bound, 95% CI bias + sampling unc.",-0.372
1869,"low. bound, 95% CI bias + sampling unc.",-0.388
1870,"low. bound, 95% CI bias + sampling unc.",-0.393
1871,"low. bound, 95% CI bias + sampling unc.",-0.453
1872,"low. bound, 95% CI bias + sampling unc.",-0.342
1873,"low. bound, 95% CI bias + sampling unc.",-0.417
1874,"low. bound, 95% CI bias + sampling unc.",-0.48
1875,"low. bound, 95% CI bias + sampling unc.",-0.509
1876,"low. bound, 95% CI bias + sampling unc.",-0.494
1877,"low. bound, 95% CI bias + sampling unc.",-0.183
1878,"low. bound, 95% CI bias + sampling unc.",-0.07
1879,"low. bound, 95% CI bias + sampling unc.",-0.328
1880,"low. bound, 95% CI bias + sampling unc.",-0.322
1881,"low. bound, 95% CI bias + sampling unc.",-0.293
1882,"low. bound, 95% CI bias + sampling unc.",-0.307
1883,"low. bound, 95% CI bias + sampling unc.",-0.38
1884,"low. bound, 95% CI bias + sampling unc.",-0.488
1885,"low. bound, 95% CI bias + sampling unc.",-0.467
1886,"low. bound, 95% CI bias + sampling unc.",-0.445
1887,"low. bound, 95% CI bias + sampling unc.",-0.501
1888,"low. bound, 95% CI bias + sampling unc.",-0.39
1889,"low. bound, 95% CI bias + sampling unc.",-0.262
1890,"low. bound, 95% CI bias + sampling unc.",-0.51
1891,"low. bound, 95% CI bias + sampling unc.",-0.429
1892,"low. bound, 95% CI bias + sampling unc.",-0.558
1893,"low. bound, 95% CI bias + sampling unc.",-0.573
1894,"low. bound, 95% CI bias + sampling unc.",-0.507
1895,"low. bound, 95% CI bias + sampling unc.",-0.487
1896,"low. bound, 95% CI bias + sampling unc.",-0.282
1897,"low. bound, 95% CI bias + sampling unc.",-0.304
1898,"low. bound, 95% CI bias + sampling unc.",-0.508
1899,"low. bound, 95% CI bias + sampling unc.",-0.385
1900,"low. bound, 95% CI bias + sampling unc.",-0.303
1901,"low. bound, 95% CI bias + sampling unc.",-0.357
1902,"low. bound, 95% CI bias + sampling unc.",-0.49
1903,"low. bound, 95% CI bias + sampling unc.",-0.567
1904,"low. bound, 95% CI bias + sampling unc.",-0.606
1905,"low. bound, 95% CI bias + sampling unc.",-0.461
1906,"low. bound, 95% CI bias + sampling unc.",-0.363
1907,"low. bound, 95% CI bias + sampling unc.",-0.546
1908,"low. bound, 95% CI bias + sampling unc.",-0.59
1909,"low. bound, 95% CI bias + sampling unc.",-0.596
1910,"low. bound, 95% CI bias + sampling unc.",-0.564
1911,"low. bound, 95% CI bias + sampling unc.",-0.614
1912,"low. bound, 95% CI bias + sampling unc.",-0.508
1913,"low. bound, 95% CI bias + sampling unc.",-0.493
1914,"low. bound, 95% CI bias + sampling unc.",-0.321
1915,"low. bound, 95% CI bias + sampling unc.",-0.232
1916,"low. bound, 95% CI bias + sampling unc.",-0.466
1917,"low. bound, 95% CI bias + sampling unc.",-0.556
1918,"low. bound, 95% CI bias + sampling unc.",-0.427
1919,"low. bound, 95% CI bias + sampling unc.",-0.361
1920,"low. bound, 95% CI bias + sampling unc.",-0.328
1921,"low. bound, 95% CI bias + sampling unc.",-0.262
1922,"low. bound, 95% CI bias + sampling unc.",-0.37
1923,"low. bound, 95% CI bias + sampling unc.",-0.343
1924,"low. bound, 95% CI bias + sampling unc.",-0.361
1925,"low. bound, 95% CI bias + sampling unc.",-0.284
1926,"low. bound, 95% CI bias + sampling unc.",-0.175
1927,"low. bound, 95% CI bias + sampling unc.",-0.271
1928,"low. bound, 95% CI bias + sampling unc.",-0.269
1929,"low. bound, 95% CI bias + sampling unc.",-0.414
1930,"low. bound, 95% CI bias + sampling unc.",-0.2
1931,"low. bound, 95% CI bias + sampling unc.",-0.15
1932,"low. bound, 95% CI bias + sampling unc.",-0.199
1933,"low. bound, 95% CI bias + sampling unc.",-0.335
1934,"low. bound, 95% CI bias + sampling unc.",-0.191
1935,"low. bound, 95% CI bias + sampling unc.",-0.235
1936,"low. bound, 95% CI bias + sampling unc.",-0.199
1937,"low. bound, 95% CI bias + sampling unc.",-0.079
1938,"low. bound, 95% CI bias + sampling unc.",-0.061
1939,"low. bound, 95% CI bias + sampling unc.",-0.113
1940,"low. bound, 95% CI bias + sampling unc.",-0.054
1941,"low. bound, 95% CI bias + sampling unc.",-0.047
1942,"low. bound, 95% CI bias + sampling unc.",-0.105
1943,"low. bound, 95% CI bias + sampling unc.",-0.081
1944,"low. bound, 95% CI bias + sampling unc.",0.07
1945,"low. bound, 95% CI bias + sampling unc.",-0.048
1946,"low. bound, 95% CI bias + sampling unc.",-0.14
1947,"low. bound, 95% CI bias + sampling unc.",-0.115
1948,"low. bound, 95% CI bias + sampling unc.",-0.113
1949,"low. bound, 95% CI bias + sampling unc.",-0.14
1950,"low. bound, 95% CI bias + sampling unc.",-0.237
1951,"low. bound, 95% CI bias + sampling unc.",-0.108
1952,"low. bound, 95% CI bias + sampling unc.",-0.024
1953,"low. bound, 95% CI bias + sampling unc.",0.043
1954,"low. bound, 95% CI bias + sampling unc.",-0.182
1955,"low. bound, 95% CI bias + sampling unc.",-0.239
1956,"low. bound, 95% CI bias + sampling unc.",-0.314
1957,"low. bound, 95% CI bias + sampling unc.",-0.054
1958,"low. bound, 95% CI bias + sampling unc.",0.002
1959,"low. bound, 95% CI bias + sampling unc.",-0.026
1960,"low. bound, 95% CI bias + sampling unc.",-0.091
1961,"low. bound, 95% CI bias + sampling unc.",-0.002
1962,"low. bound, 95% CI bias + sampling unc.",-0.026
1963,"low. bound, 95% CI bias + sampling unc.",0.005
1964,"low. bound, 95% CI bias + sampling unc.",-0.262
1965,"low. bound, 95% CI bias + sampling unc.",-0.181
1966,"low. bound, 95% CI bias + sampling unc.",-0.107
1967,"low. bound, 95% CI bias + sampling unc.",-0.109
1968,"low. bound, 95% CI bias + sampling unc.",-0.147
1969,"low. bound, 95% CI bias + sampling unc.",-0.002
1970,"low. bound, 95% CI bias + sampling unc.",-0.06
1971,"low. bound, 95% CI bias + sampling unc.",-0.218
1972,"low. bound, 95% CI bias + sampling unc.",-0.098
1973,"low. bound, 95% CI bias + sampling unc.",0.032
1974,"low. bound, 95% CI bias + sampling unc.",-0.244
1975,"low. bound, 95% CI bias + sampling unc.",-0.179
1976,"low. bound, 95% CI bias + sampling unc.",-0.272
1977,"low. bound, 95% CI bias + sampling unc.",0.017
1978,"low. bound, 95% CI bias + sampling unc.",-0.092
1979,"low. bound, 95% CI bias + sampling unc.",0.029
1980,"low. bound, 95% CI bias + sampling unc.",0.062
1981,"low. bound, 95% CI bias + sampling unc.",0.108
1982,"low. bound, 95% CI bias + sampling unc.",-0.025
1983,"low. bound, 95% CI bias + sampling unc.",0.159
1984,"low. bound, 95% CI bias + sampling unc.",-0.048
1985,"low. bound, 95% CI bias + sampling unc.",-0.063
1986,"low. bound, 95% CI bias + sampling unc.",0.01
1987,"low. bound, 95% CI bias + sampling unc.",0.157
1988,"low. bound, 95% CI bias + sampling unc.",0.163
1989,"low. bound, 95% CI bias + sampling unc.",0.081
1990,"low. bound, 95% CI bias + sampling unc.",0.258
1991,"low. bound, 95% CI bias + sampling unc.",0.214
1992,"low. bound, 95% CI bias + sampling unc.",0.064
1993,"low. bound, 95% CI bias + sampling unc.",0.106
1994,"low. bound, 95% CI bias + sampling unc.",0.165
1995,"low. bound, 95% CI bias + sampling unc.",0.281
1996,"low. bound, 95% CI bias + sampling unc.",0.14
1997,"low. bound, 95% CI bias + sampling unc.",0.349
1998,"low. bound, 95% CI bias + sampling unc.",0.493
1999,"low. bound, 95% CI bias + sampling unc.",0.26
2000,"low. bound, 95% CI bias + sampling unc.",0.252
2001,"low. bound, 95% CI bias + sampling unc.",0.398
2002,"low. bound, 95% CI bias + sampling unc.",0.454
2003,"low. bound, 95% CI bias + sampling unc.",0.465
2004,"low. bound, 95% CI bias + sampling unc.",0.406
2005,"low. bound, 95% CI bias + sampling unc.",0.503
2006,"low. bound, 95% CI bias + sampling unc.",0.464
2007,"low. bound, 95% CI bias + sampling unc.",0.451
2008,"low. bound, 95% CI bias + sampling unc.",0.353
2009,"low. bound, 95% CI bias + sampling unc.",0.463
2010,"low. bound, 95% CI bias + sampling unc.",0.519
2011,"low. bound, 95% CI bias + sampling unc.",0.384
2012,"low. bound, 95% CI bias + sampling unc.",0.429
2013,"low. bound, 95% CI bias + sampling unc.",0.47
2014,"low. bound, 95% CI bias + sampling unc.",0.537
2015,"low. bound, 95% CI bias + sampling unc.",0.722
2016,"low. bound, 95% CI bias + sampling unc.",0.755
2017,"low. bound, 95% CI bias + sampling unc.",0.632
2018,"low. bound, 95% CI bias + sampling unc.",0.556
2019,"low. bound, 95% CI bias + sampling unc.",0.693
2020,"low. bound, 95% CI bias + sampling unc.",0.752
1850,"upp. bound, 95% CI bias + sampling unc.",-0.238
1851,"upp. bound, 95% CI bias + sampling unc.",-0.081
1852,"upp. bound, 95% CI bias + sampling unc.",-0.098
1853,"upp. bound, 95% CI bias + sampling unc.",-0.155
1854,"upp. bound, 95% CI bias + sampling unc.",-0.143
1855,"upp. bound, 95% CI bias + sampling unc.",-0.171
1856,"upp. bound, 95% CI bias + sampling unc.",-0.253
1857,"upp. bound, 95% CI bias + sampling unc.",-0.358
1858,"upp. bound, 95% CI bias + sampling unc.",-0.357
1859,"upp. bound, 95% CI bias + sampling unc.",-0.166
1860,"upp. bound, 95% CI bias + sampling unc.",-0.227
1861,"upp. bound, 95% CI bias + sampling unc.",-0.276
1862,"upp. bound, 95% CI bias + sampling unc.",-0.391
1863,"upp. bound, 95% CI bias + sampling unc.",-0.144
1864,"upp. bound, 95% CI bias + sampling unc.",-0.364
1865,"upp. bound, 95% CI bias + sampling unc.",-0.147
1866,"upp. bound, 95% CI bias + sampling unc.",-0.12
1867,"upp. bound, 95% CI bias + sampling unc.",-0.193
1868,"upp. bound, 95% CI bias + sampling unc.",-0.118
1869,"upp. bound, 95% CI bias + sampling unc.",-0.148
1870,"upp. bound, 95% CI bias + sampling unc.",-0.165
1871,"upp. bound, 95% CI bias + sampling unc.",-0.221
1872,"upp. bound, 95% CI bias + sampling unc.",-0.118
1873,"upp. bound, 95% CI bias + sampling unc.",-0.196
1874,"upp. bound, 95% CI bias + sampling unc.",-0.261
1875,"upp. bound, 95% CI bias + sampling unc.",-0.29
1876,"upp. bound, 95% CI bias + sampling unc.",-0.279
1877,"upp. bound, 95% CI bias + sampling unc.",0.028
1878,"upp. bound, 95% CI bias + sampling unc.",0.139
1879,"upp. bound, 95% CI bias + sampling unc.",-0.139
1880,"upp. bound, 95% CI bias + sampling unc.",-0.136
1881,"upp. bound, 95% CI bias + sampling unc.",-0.112
1882,"upp. bound, 95% CI bias + sampling unc.",-0.127
1883,"upp. bound, 95% CI bias + sampling unc.",-0.215
1884,"upp. bound, 95% CI bias + sampling unc.",-0.335
1885,"upp. bound, 95% CI bias + sampling unc.",-0.317
1886,"upp. bound, 95% CI bias + sampling unc.",-0.298
1887,"upp. bound, 95% CI bias + sampling unc.",-0.346
1888,"upp. bound, 95% CI bias + sampling unc.",-0.232
1889,"upp. bound, 95% CI bias + sampling unc.",-0.092
1890,"upp. bound, 95% CI bias + sampling unc.",-0.335
1891,"upp. bound, 95% CI bias + sampling unc.",-0.245
1892,"upp. bound, 95% CI bias + sampling unc.",-0.366
1893,"upp. bound, 95% CI bias + sampling unc.",-0.384
1894,"upp. bound, 95% CI bias + sampling unc.",-0.319
1895,"upp. bound, 95% CI bias + sampling unc.",-0.304
1896,"upp. bound, 95% CI bias + sampling unc.",-0.099
1897,"upp. bound, 95% CI bias + sampling unc.",-0.118
1898,"upp. bound, 95% CI bias + sampling unc.",-0.323
1899,"upp. bound, 95% CI bias + sampling unc.",-0.198
1900,"upp. bound, 95% CI bias + sampling unc.",-0.111
1901,"upp. bound, 95% CI bias + sampling unc.",-0.168
1902,"upp. bound, 95% CI bias + sampling unc.",-0.32
1903,"upp. bound, 95% CI bias + sampling unc.",-0.4
1904,"upp. bound, 95% CI bias + sampling unc.",-0.441
1905,"upp. bound, 95% CI bias + sampling unc.",-0.299
1906,"upp. bound, 95% CI bias + sampling unc.",-0.207
1907,"upp. bound, 95% CI bias + sampling unc.",-0.392
1908,"upp. bound, 95% CI bias + sampling unc.",-0.441
1909,"upp. bound, 95% CI bias + sampling unc.",-0.456
1910,"upp. bound, 95% CI bias + sampling unc.",-0.424
1911,"upp. bound, 95% CI bias + sampling unc.",-0.48
1912,"upp. bound, 95% CI bias + sampling unc.",-0.375
1913,"upp. bound, 95% CI bias + sampling unc.",-0.362
1914,"upp. bound, 95% CI bias + sampling unc.",-0.173
1915,"upp. bound, 95% CI bias + sampling unc.",-0.061
1916,"upp. bound, 95% CI bias + sampling unc.",-0.308
1917,"upp. bound, 95% CI bias + sampling unc.",-0.387
1918,"upp. bound, 95% CI bias + sampling unc.",-0.244
1919,"upp. bound, 95% CI bias + sampling unc.",-0.192
1920,"upp. bound, 95% CI bias + sampling unc.",-0.172
1921,"upp. bound, 95% CI bias + sampling unc.",-0.124
1922,"upp. bound, 95% CI bias + sampling unc.",-0.239
1923,"upp. bound, 95% CI bias + sampling unc.",-0.219
1924,"upp. bound, 95% CI bias + sampling unc.",-0.236
1925,"upp. bound, 95% CI bias + sampling unc.",-0.157
1926,"upp. bound, 95% CI bias + sampling unc.",-0.051
1927,"upp. bound, 95% CI bias + sampling unc.",-0.156
1928,"upp. bound, 95% CI bias + sampling unc.",-0.152
1929,"upp. bound, 95% CI bias + sampling unc.",-0.295
1930,"upp. bound, 95% CI bias + sampling unc.",-0.081
1931,"upp. bound, 95% CI bias + sampling unc.",-0.031
1932,"upp. bound, 95% CI bias + sampling unc.",-0.082
1933,"upp. bound, 95% CI bias + sampling unc.",-0.219
1934,"upp. bound, 95% CI bias + sampling unc.",-0.078
1935,"upp. bound, 95% CI bias + sampling unc.",-0.126
1936,"upp. bound, 95% CI bias + sampling unc.",-0.098
1937,"upp. bound, 95% CI bias + sampling unc.",0.022
1938,"upp. bound, 95% CI bias + sampling unc.",0.043
1939,"upp. bound, 95% CI bias + sampling unc.",0.005
1940,"upp. bound, 95% CI bias + sampling unc.",0.079
1941,"upp. bound, 95% CI bias + sampling unc.",0.081
1942,"upp. bound, 95% CI bias + sampling unc.",0.042
1943,"upp. bound, 95% CI bias + sampling unc.",0.063
1944,"upp. bound, 95% CI bias + sampling unc.",0.21
1945,"upp. bound, 95% CI bias + sampling unc.",0.09
1946,"upp. bound, 95% CI bias + sampling unc.",-0.009
1947,"upp. bound, 95% CI bias + sampling unc.",0.028
1948,"upp. bound, 95% CI bias + sampling unc.",0.027
1949,"upp. bound, 95% CI bias + sampling unc.",-0.018
1950,"upp. bound, 95% CI bias + sampling unc.",-0.118
1951,"upp. bound, 95% CI bias + sampling unc.",0.001
1952,"upp. bound, 95% CI bias + sampling unc.",0.084
1953,"upp. bound, 95% CI bias + sampling unc.",0.151
1954,"upp. bound, 95% CI bias + sampling unc.",-0.077
1955,"upp. bound, 95% CI bias + sampling unc.",-0.14
1956,"upp. bound, 95% CI bias + sampling unc.",-0.219
1957,"upp. bound, 95% CI bias + sampling unc.",0.04
1958,"upp. bound, 95% CI bias + sampling unc.",0.092
1959,"upp. bound, 95% CI bias + sampling unc.",0.06
1960,"upp. bound, 95% CI bias + sampling unc.",-0.007
1961,"upp. bound, 95% CI bias + sampling unc.",0.078
1962,"upp. bound, 95% CI bias + sampling unc.",0.053
1963,"upp. bound, 95% CI bias + sampling unc.",0.089
1964,"upp. bound, 95% CI bias + sampling unc.",-0.181
1965,"upp. bound, 95% CI bias + sampling unc.",-0.099
1966,"upp. bound, 95% CI bias + sampling unc.",-0.029
1967,"upp. bound, 95% CI bias + sampling unc.",-0.038
1968,"upp. bound, 95% CI bias + sampling unc.",-0.08
1969,"upp. bound, 95% CI bias + sampling unc.",0.066
1970,"upp. bound, 95% CI bias + sampling unc.",0.008
1971,"upp. bound, 95% CI bias + sampling unc.",-0.15
1972,"upp. bound, 95% CI bias + sampling unc.",-0.031
1973,"upp. bound, 95% CI bias + sampling unc.",0.094
1974,"upp. bound, 95% CI bias + sampling unc.",-0.182
1975,"upp. bound, 95% CI bias + sampling unc.",-0.118
1976,"upp. bound, 95% CI bias + sampling unc.",-0.211
1977,"upp. bound, 95% CI bias + sampling unc.",0.078
1978,"upp. bound, 95% CI bias + sampling unc.",-0.03
1979,"upp. bound, 95% CI bias + sampling unc.",0.086
1980,"upp. bound, 95% CI bias + sampling unc.",0.122
1981,"upp. bound, 95% CI bias + sampling unc.",0.17
1982,"upp. bound, 95% CI bias + sampling unc.",0.045
1983,"upp. bound, 95% CI bias + sampling unc.",0.227
1984,"upp. bound, 95% CI bias + sampling unc.",0.019
1985,"upp. bound, 95% CI bias + sampling unc.",0.002
1986,"upp. bound, 95% CI bias + sampling unc.",0.077
1987,"upp. bound, 95% CI bias + sampling unc.",0.226
1988,"upp. bound, 95% CI bias + sampling unc.",0.233
1989,"upp. bound, 95% CI bias + sampling unc.",0.155
1990,"upp. bound, 95% CI bias + sampling unc.",0.337
1991,"upp. bound, 95% CI bias + sampling unc.",0.296
1992,"upp. bound, 95% CI bias + sampling unc.",0.146
1993,"upp. bound, 95% CI bias + sampling unc.",0.191
1994,"upp. bound, 95% CI bias + sampling unc.",0.252
1995,"upp. bound, 95% CI bias + sampling unc.",0.369
1996,"upp. bound, 95% CI bias + sampling unc.",0.224
1997,"upp. bound, 95% CI bias + sampling unc.",0.433
1998,"upp. bound, 95% CI bias + sampling unc.",0.584
1999,"upp. bound, 95% CI bias + sampling unc.",0.351
2000,"upp. bound, 95% CI bias + sampling unc.",0.342
2001,"upp. bound, 95% CI bias + sampling unc.",0.49
2002,"upp. bound, 95% CI bias + sampling unc.",0.546
2003,"upp. bound, 95% CI bias + sampling unc.",0.554
2004,"upp. bound, 95% CI bias + sampling unc.",0.491
2005,"upp. bound, 95% CI bias + sampling unc.",0.59
2006,"upp. bound, 95% CI bias + sampling unc.",0.55
2007,"upp. bound, 95% CI bias + sampling unc.",0.534
2008,"upp. bound, 95% CI bias + sampling unc.",0.438
2009,"upp. bound, 95% CI bias + sampling unc.",0.549
2010,"upp. bound, 95% CI bias + sampling unc.",0.605
2011,"upp. bound, 95% CI bias + sampling unc.",0.47
2012,"upp. bound, 95% CI bias + sampling unc.",0.515
2013,"upp. bound, 95% CI bias + sampling unc.",0.559
2014,"upp. bound, 95% CI bias + sampling unc.",0.624
2015,"upp. bound, 95% CI bias + sampling unc.",0.808
2016,"upp. bound, 95% CI bias + sampling unc.",0.842
2017,"upp. bound, 95% CI bias + sampling unc.",0.725
2018,"upp. bound, 95% CI bias + sampling unc.",0.642
2019,"upp. bound, 95% CI bias + sampling unc.",0.781
2020,"upp. bound, 95% CI bias + sampling unc.",0.842
1850,"low. bound, 95% CI total uncertainty",-0.591
1851,"low. bound, 95% CI total uncertainty",-0.429
1852,"low. bound, 95% CI total uncertainty",-0.434
1853,"low. bound, 95% CI total uncertainty",-0.472
1854,"low. bound, 95% CI total uncertainty",-0.435
1855,"low. bound, 95% CI total uncertainty",-0.455
1856,"low. bound, 95% CI total uncertainty",-0.541
1857,"low. bound, 95% CI total uncertainty",-0.636
1858,"low. bound, 95% CI total uncertainty",-0.644
1859,"low. bound, 95% CI total uncertainty",-0.47
1860,"low. bound, 95% CI total uncertainty",-0.531
1861,"low. bound, 95% CI total uncertainty",-0.613
1862,"low. bound, 95% CI total uncertainty",-0.737
1863,"low. bound, 95% CI total uncertainty",-0.499
1864,"low. bound, 95% CI total uncertainty",-0.705
1865,"low. bound, 95% CI total uncertainty",-0.511
1866,"low. bound, 95% CI total uncertainty",-0.47
1867,"low. bound, 95% CI total uncertainty",-0.535
1868,"low. bound, 95% CI total uncertainty",-0.448
1869,"low. bound, 95% CI total uncertainty",-0.451
1870,"low. bound, 95% CI total uncertainty",-0.447
1871,"low. bound, 95% CI total uncertainty",-0.514
1872,"low. bound, 95% CI total uncertainty",-0.397
1873,"low. bound, 95% CI total uncertainty",-0.468
1874,"low. bound, 95% CI total uncertainty",-0.532
1875,"low. bound, 95% CI total uncertainty",-0.558
1876,"low. bound, 95% CI total uncertainty",-0.543
1877,"low. bound, 95% CI total uncertainty",-0.235
1878,"low. bound, 95% CI total uncertainty",-0.121
1879,"low. bound, 95% CI total uncertainty",-0.38
1880,"low. bound, 95% CI total uncertainty",-0.38
1881,"low. bound, 95% CI total uncertainty",-0.355
1882,"low. bound, 95% CI total uncertainty",-0.363
1883,"low. bound, 95% CI total uncertainty",-0.433
1884,"low. bound, 95% CI total uncertainty",-0.545
1885,"low. bound, 95% CI total uncertainty",-0.528
1886,"low. bound, 95% CI total uncertainty",-0.505
1887,"low. bound, 95% CI total uncertainty",-0.555
1888,"low. bound, 95% CI total uncertainty",-0.442
1889,"low. bound, 95% CI total uncertainty",-0.313
1890,"low. bound, 95% CI total uncertainty",-0.557
1891,"low. bound, 95% CI total uncertainty",-0.476
1892,"low. bound, 95% CI total uncertainty",-0.603
1893,"low. bound, 95% CI total uncertainty",-0.617
1894,"low. bound, 95% CI total uncertainty",-0.551
1895,"low. bound, 95% CI total uncertainty",-0.531
1896,"low. bound, 95% CI total uncertainty",-0.327
1897,"low. bound, 95% CI total uncertainty",-0.348
1898,"low. bound, 95% CI total uncertainty",-0.552
1899,"low. bound, 95% CI total uncertainty",-0.428
1900,"low. bound, 95% CI total uncertainty",-0.345
1901,"low. bound, 95% CI total uncertainty",-0.404
1902,"low. bound, 95% CI total uncertainty",-0.538
1903,"low. bound, 95% CI total uncertainty",-0.617
1904,"low. bound, 95% CI total uncertainty",-0.657
1905,"low. bound, 95% CI total uncertainty",-0.511
1906,"low. bound, 95% CI total uncertainty",-0.415
1907,"low. bound, 95% CI total uncertainty",-0.596
1908,"low. bound, 95% CI total uncertainty",-0.64
1909,"low. bound, 95% CI total uncertainty",-0.649
1910,"low. bound, 95% CI total uncertainty",-0.617
1911,"low. bound, 95% CI total uncertainty",-0.668
1912,"low. bound, 95% CI total uncertainty",-0.561
1913,"low. bound, 95% CI total uncertainty",-0.548
1914,"low. bound, 95% CI total uncertainty",-0.373
1915,"low. bound, 95% CI total uncertainty",-0.284
1916,"low. bound, 95% CI total uncertainty",-0.518
1917,"low. bound, 95% CI total uncertainty",-0.61
1918,"low. bound, 95% CI total uncertainty",-0.483
1919,"low. bound, 95% CI total uncertainty",-0.417
1920,"low. bound, 95% CI total uncertainty",-0.385
1921,"low. bound, 95% CI total uncertainty",-0.314
1922,"low. bound, 95% CI total uncertainty",-0.425
1923,"low. bound, 95% CI total uncertainty",-0.395
1924,"low. bound, 95% CI total uncertainty",-0.417
1925,"low. bound, 95% CI total uncertainty",-0.338
1926,"low. bound, 95% CI total uncertainty",-0.23
1927,"low. bound, 95% CI total uncertainty",-0.327
1928,"low. bound, 95% CI total uncertainty",-0.323
1929,"low. bound, 95% CI total uncertainty",-0.468
1930,"low. bound, 95% CI total uncertainty",-0.254
1931,"low. bound, 95% CI total uncertainty",-0.204
1932,"low. bound, 95% CI total uncertainty",-0.25
1933,"low. bound, 95% CI total uncertainty",-0.386
1934,"low. bound, 95% CI total uncertainty",-0.243
1935,"low. bound, 95% CI total uncertainty",-0.287
1936,"low. bound, 95% CI total uncertainty",-0.25
1937,"low. bound, 95% CI total uncertainty",-0.128
1938,"low. bound, 95% CI total uncertainty",-0.112
1939,"low. bound, 95% CI total uncertainty",-0.161
1940,"low. bound, 95% CI total uncertainty",-0.11
1941,"low. bound, 95% CI total uncertainty",-0.098
1942,"low. bound, 95% CI total uncertainty",-0.152
1943,"low. bound, 95% CI total uncertainty",-0.133
1944,"low. bound, 95% CI total uncertainty",0.019
1945,"low. bound, 95% CI total uncertainty",-0.104
1946,"low. bound, 95% CI total uncertainty",-0.184
1947,"low. bound, 95% CI total uncertainty",-0.155
1948,"low. bound, 95% CI total uncertainty",-0.152
1949,"low. bound, 95% CI total uncertainty",-0.182
1950,"low. bound, 95% CI total uncertainty",-0.279
1951,"low. bound, 95% CI total uncertainty",-0.155
1952,"low. bound, 95% CI total uncertainty",-0.07
1953,"low. bound, 95% CI total uncertainty",-0.004
1954,"low. bound, 95% CI total uncertainty",-0.228
1955,"low. bound, 95% CI total uncertainty",-0.285
1956,"low. bound, 95% CI total uncertainty",-0.357
1957,"low. bound, 95% CI total uncertainty",-0.097
1958,"low. bound, 95% CI total uncertainty",-0.042
1959,"low. bound, 95% CI total uncertainty",-0.069
1960,"low. bound, 95% CI total uncertainty",-0.134
1961,"low. bound, 95% CI total uncertainty",-0.047
1962,"low. bound, 95% CI total uncertainty",-0.071
1963,"low. bound, 95% CI total uncertainty",-0.04
1964,"low. bound, 95% CI total uncertainty",-0.307
1965,"low. bound, 95% CI total uncertainty",-0.227
1966,"low. bound, 95% CI total uncertainty",-0.154
1967,"low. bound, 95% CI total uncertainty",-0.158
1968,"low. bound, 95% CI total uncertainty",-0.196
1969,"low. bound, 95% CI total uncertainty",-0.051
1970,"low. bound, 95% CI total uncertainty",-0.109
1971,"low. bound, 95% CI total uncertainty",-0.267
1972,"low. bound, 95% CI total uncertainty",-0.147
1973,"low. bound, 95% CI total uncertainty",-0.017
1974,"low. bound, 95% CI total uncertainty",-0.294
1975,"low. bound, 95% CI total uncertainty",-0.23
1976,"low. bound, 95% CI total uncertainty",-0.323
1977,"low. bound, 95% CI total uncertainty",-0.033
1978,"low. bound, 95% CI total uncertainty",-0.143
1979,"low. bound, 95% CI total uncertainty",-0.022
1980,"low. bound, 95% CI total uncertainty",0.01
1981,"low. bound, 95% CI total uncertainty",0.056
1982,"low. bound, 95% CI total uncertainty",-0.073
1983,"low. bound, 95% CI total uncertainty",0.11
1984,"low. bound, 95% CI total uncertainty",-0.096
1985,"low. bound, 95% CI total uncertainty",-0.111
1986,"low. bound, 95% CI total uncertainty",-0.038
1987,"low. bound, 95% CI total uncertainty",0.109
1988,"low. bound, 95% CI total uncertainty",0.115
1989,"low. bound, 95% CI total uncertainty",0.034
1990,"low. bound, 95% CI total uncertainty",0.211
1991,"low. bound, 95% CI total uncertainty",0.169
1992,"low. bound, 95% CI total uncertainty",0.017
1993,"low. bound, 95% CI total uncertainty",0.061
1994,"low. bound, 95% CI total uncertainty",0.119
1995,"low. bound, 95% CI total uncertainty",0.236
1996,"low. bound, 95% CI total uncertainty",0.091
1997,"low. bound, 95% CI total uncertainty",0.303
1998,"low. bound, 95% CI total uncertainty",0.45
1999,"low. bound, 95% CI total uncertainty",0.217
2000,"low. bound, 95% CI total uncertainty",0.206
2001,"low. bound, 95% CI total uncertainty",0.353
2002,"low. bound, 95% CI total uncertainty",0.406
2003,"low. bound, 95% CI total uncertainty",0.417
2004,"low. bound, 95% CI total uncertainty",0.358
2005,"low. bound, 95% CI total uncertainty",0.454
2006,"low. bound, 95% CI total uncertainty",0.416
2007,"low. bound, 95% CI total uncertainty",0.404
2008,"low. bound, 95% CI total uncertainty",0.308
2009,"low. bound, 95% CI total uncertainty",0.415
2010,"low. bound, 95% CI total uncertainty",0.47
2011,"low. bound, 95% CI total uncertainty",0.336
2012,"low. bound, 95% CI total uncertainty",0.381
2013,"low. bound, 95% CI total uncertainty",0.423
2014,"low. bound, 95% CI total uncertainty",0.491
2015,"low. bound, 95% CI total uncertainty",0.675
2016,"low. bound, 95% CI total uncertainty",0.709
2017,"low. bound, 95% CI total uncertainty",0.587
2018,"low. bound, 95% CI total uncertainty",0.511
2019,"low. bound, 95% CI total uncertainty",0.644
2020,"low. bound, 95% CI total uncertainty",0.705
1850,"upp. bound, 95% CI total uncertainty",-0.162
1851,"upp. bound, 95% CI total uncertainty",-0.016
1852,"upp. bound, 95% CI total uncertainty",-0.03
1853,"upp. bound, 95% CI total uncertainty",-0.075
1854,"upp. bound, 95% CI total uncertainty",-0.072
1855,"upp. bound, 95% CI total uncertainty",-0.099
1856,"upp. bound, 95% CI total uncertainty",-0.182
1857,"upp. bound, 95% CI total uncertainty",-0.294
1858,"upp. bound, 95% CI total uncertainty",-0.295
1859,"upp. bound, 95% CI total uncertainty",-0.106
1860,"upp. bound, 95% CI total uncertainty",-0.166
1861,"upp. bound, 95% CI total uncertainty",-0.204
1862,"upp. bound, 95% CI total uncertainty",-0.312
1863,"upp. bound, 95% CI total uncertainty",-0.065
1864,"upp. bound, 95% CI total uncertainty",-0.293
1865,"upp. bound, 95% CI total uncertainty",-0.062
1866,"upp. bound, 95% CI total uncertainty",-0.043
1867,"upp. bound, 95% CI total uncertainty",-0.113
1868,"upp. bound, 95% CI total uncertainty",-0.038
1869,"upp. bound, 95% CI total uncertainty",-0.082
1870,"upp. bound, 95% CI total uncertainty",-0.11
1871,"upp. bound, 95% CI total uncertainty",-0.157
1872,"upp. bound, 95% CI total uncertainty",-0.062
1873,"upp. bound, 95% CI total uncertainty",-0.144
1874,"upp. bound, 95% CI total uncertainty",-0.209
1875,"upp. bound, 95% CI total uncertainty",-0.238
1876,"upp. bound, 95% CI total uncertainty",-0.228
1877,"upp. bound, 95% CI total uncertainty",0.081
1878,"upp. bound, 95% CI total uncertainty",0.192
1879,"upp. bound, 95% CI total uncertainty",-0.084
1880,"upp. bound, 95% CI total uncertainty",-0.076
1881,"upp. bound, 95% CI total uncertainty",-0.048
1882,"upp. bound, 95% CI total uncertainty",-0.068
1883,"upp. bound, 95% CI total uncertainty",-0.16
1884,"upp. bound, 95% CI total uncertainty",-0.276
1885,"upp. bound, 95% CI total uncertainty",-0.254
1886,"upp. bound, 95% CI total uncertainty",-0.236
1887,"upp. bound, 95% CI total uncertainty",-0.289
1888,"upp. bound, 95% CI total uncertainty",-0.178
1889,"upp. bound, 95% CI total uncertainty",-0.038
1890,"upp. bound, 95% CI total uncertainty",-0.285
1891,"upp. bound, 95% CI total uncertainty",-0.195
1892,"upp. bound, 95% CI total uncertainty",-0.318
1893,"upp. bound, 95% CI total uncertainty",-0.337
1894,"upp. bound, 95% CI total uncertainty",-0.272
1895,"upp. bound, 95% CI total uncertainty",-0.256
1896,"upp. bound, 95% CI total uncertainty",-0.05
1897,"upp. bound, 95% CI total uncertainty",-0.071
1898,"upp. bound, 95% CI total uncertainty",-0.277
1899,"upp. bound, 95% CI total uncertainty",-0.154
1900,"upp. bound, 95% CI total uncertainty",-0.066
1901,"upp. bound, 95% CI total uncertainty",-0.118
1902,"upp. bound, 95% CI total uncertainty",-0.27
1903,"upp. bound, 95% CI total uncertainty",-0.348
1904,"upp. bound, 95% CI total uncertainty",-0.387
1905,"upp. bound, 95% CI total uncertainty",-0.247
1906,"upp. bound, 95% CI total uncertainty",-0.152
1907,"upp. bound, 95% CI total uncertainty",-0.339
1908,"upp. bound, 95% CI total uncertainty",-0.388
1909,"upp. bound, 95% CI total uncertainty",-0.4
1910,"upp. bound, 95% CI total uncertainty",-0.368
1911,"upp. bound, 95% CI total uncertainty",-0.424
1912,"upp. bound, 95% CI total uncertainty",-0.32
1913,"upp. bound, 95% CI total uncertainty",-0.305
1914,"upp. bound, 95% CI total uncertainty",-0.12
1915,"upp. bound, 95% CI total uncertainty",-0.007
1916,"upp. bound, 95% CI total uncertainty",-0.254
1917,"upp. bound, 95% CI total uncertainty",-0.332
1918,"upp. bound, 95% CI total uncertainty",-0.187
1919,"upp. bound, 95% CI total uncertainty",-0.135
1920,"upp. bound, 95% CI total uncertainty",-0.114
1921,"upp. bound, 95% CI total uncertainty",-0.069
1922,"upp. bound, 95% CI total uncertainty",-0.183
1923,"upp. bound, 95% CI total uncertainty",-0.165
1924,"upp. bound, 95% CI total uncertainty",-0.178
1925,"upp. bound, 95% CI total uncertainty",-0.101
1926,"upp. bound, 95% CI total uncertainty",0.007
1927,"upp. bound, 95% CI total uncertainty",-0.097
1928,"upp. bound, 95% CI total uncertainty",-0.096
1929,"upp. bound, 95% CI total uncertainty",-0.239
1930,"upp. bound, 95% CI total uncertainty",-0.025
1931,"upp. bound, 95% CI total uncertainty",0.025
1932,"upp. bound, 95% CI total uncertainty",-0.029
1933,"upp. bound, 95% CI total uncertainty",-0.166
1934,"upp. bound, 95% CI total uncertainty",-0.024
1935,"upp. bound, 95% CI total uncertainty",-0.073
1936,"upp. bound, 95% CI total uncertainty",-0.046
1937,"upp. bound, 95% CI total uncertainty",0.072
1938,"upp. bound, 95% CI total uncertainty",0.096
1939,"upp. bound, 95% CI total uncertainty",0.054
1940,"upp. bound, 95% CI total uncertainty",0.135
1941,"upp. bound, 95% CI total uncertainty",0.134
1942,"upp. bound, 95% CI total uncertainty",0.093
1943,"upp. bound, 95% CI total uncertainty",0.118
1944,"upp. bound, 95% CI total uncertainty",0.264
1945,"upp. bound, 95% CI total uncertainty",0.149
1946,"upp. bound, 95% CI total uncertainty",0.038
1947,"upp. bound, 95% CI total uncertainty",0.072
1948,"upp. bound, 95% CI total uncertainty",0.069
1949,"upp. bound, 95% CI total uncertainty",0.025
1950,"upp. bound, 95% CI total uncertainty",-0.075
1951,"upp. bound, 95% CI total uncertainty",0.049
1952,"upp. bound, 95% CI total uncertainty",0.13
1953,"upp. bound, 95% CI total uncertainty",0.198
1954,"upp. bound, 95% CI total uncertainty",-0.031
1955,"upp. bound, 95% CI total uncertainty",-0.093
1956,"upp. bound, 95% CI total uncertainty",-0.174
1957,"upp. bound, 95% CI total uncertainty",0.083
1958,"upp. bound, 95% CI total uncertainty",0.136
1959,"upp. bound, 95% CI total uncertainty",0.103
1960,"upp. bound, 95% CI total uncertainty",0.036
1961,"upp. bound, 95% CI total uncertainty",0.124
1962,"upp. bound, 95% CI total uncertainty",0.1
1963,"upp. bound, 95% CI total uncertainty",0.136
1964,"upp. bound, 95% CI total uncertainty",-0.136
1965,"upp. bound, 95% CI total uncertainty",-0.054
1966,"upp. bound, 95% CI total uncertainty",0.018
1967,"upp. bound, 95% CI total uncertainty",0.011
1968,"upp. bound, 95% CI total uncertainty",-0.031
1969,"upp. bound, 95% CI total uncertainty",0.115
1970,"upp. bound, 95% CI total uncertainty",0.057
1971,"upp. bound, 95% CI total uncertainty",-0.103
1972,"upp. bound, 95% CI total uncertainty",0.018
1973,"upp. bound, 95% CI total uncertainty",0.143
1974,"upp. bound, 95% CI total uncertainty",-0.132
1975,"upp. bound, 95% CI total uncertainty",-0.067
1976,"upp. bound, 95% CI total uncertainty",-0.16
1977,"upp. bound, 95% CI total uncertainty",0.128
1978,"upp. bound, 95% CI total uncertainty",0.021
1979,"upp. bound, 95% CI total uncertainty",0.136
1980,"upp. bound, 95% CI total uncertainty",0.173
1981,"upp. bound, 95% CI total uncertainty",0.222
1982,"upp. bound, 95% CI total uncertainty",0.094
1983,"upp. bound, 95% CI total uncertainty",0.276
1984,"upp. bound, 95% CI total uncertainty",0.068
1985,"upp. bound, 95% CI total uncertainty",0.05
1986,"upp. bound, 95% CI total uncertainty",0.126
1987,"upp. bound, 95% CI total uncertainty",0.275
1988,"upp. bound, 95% CI total uncertainty",0.282
1989,"upp. bound, 95% CI total uncertainty",0.202
1990,"upp. bound, 95% CI total uncertainty",0.383
1991,"upp. bound, 95% CI total uncertainty",0.341
1992,"upp. bound, 95% CI total uncertainty",0.192
1993,"upp. bound, 95% CI total uncertainty",0.237
1994,"upp. bound, 95% CI total uncertainty",0.298
1995,"upp. bound, 95% CI total uncertainty",0.412
1996,"upp. bound, 95% CI total uncertainty",0.27
1997,"upp. bound, 95% CI total uncertainty",0.477
1998,"upp. bound, 95% CI total uncertainty",0.627
1999,"upp. bound, 95% CI total uncertainty",0.395
2000,"upp. bound, 95% CI total uncertainty",0.386
2001,"upp. bound, 95% CI total uncertainty",0.532
2002,"upp. bound, 95% CI total uncertainty",0.59
2003,"upp. bound, 95% CI total uncertainty",0.6
2004,"upp. bound, 95% CI total uncertainty",0.539
2005,"upp. bound, 95% CI total uncertainty",0.639
2006,"upp. bound, 95% CI total uncertainty",0.597
2007,"upp. bound, 95% CI total uncertainty",0.581
2008,"upp. bound, 95% CI total uncertainty",0.483
2009,"upp. bound, 95% CI total uncertainty",0.595
2010,"upp. bound, 95% CI total uncertainty",0.651
2011,"upp. bound, 95% CI total uncertainty",0.515
2012,"upp. bound, 95% CI total uncertainty",0.561
2013,"upp. bound, 95% CI total uncertainty",0.606
2014,"upp. bound, 95% CI total uncertainty",0.669
2015,"upp. bound, 95% CI total uncertainty",0.853
2016,"upp. bound, 95% CI total uncertainty",0.886
2017,"upp. bound, 95% CI total uncertainty",0.769
2018,"upp. bound, 95% CI total uncertainty",0.686
2019,"upp. bound, 95% CI total uncertainty",0.829
2020,"upp. bound, 95% CI total uncertainty",0.889
